ref.date,price.close,volume
2010-01-04,5500.299805,750942000
2010-01-05,5522.5,1149301200
2010-01-06,5530,998295300
2010-01-07,5526.700195,1162933700
2010-01-08,5534.200195,1006420600
2010-01-11,5538.100098,901194900
2010-01-12,5498.700195,957401700
2010-01-13,5473.5,849923000
2010-01-14,5498.200195,928036100
2010-01-15,5455.399902,1743437800
2010-01-18,5494.399902,776795200
2010-01-19,5513.100098,1107801600
2010-01-20,5420.799805,1199200900
2010-01-21,5335.100098,1345500500
2010-01-22,5303,1645842400
2010-01-25,5260.299805,1024448800
2010-01-26,5276.899902,1015919800
2010-01-27,5217.5,1271716800
2010-01-28,5145.700195,1294378400
2010-01-29,5188.5,1281845800
2010-02-01,5247.399902,934766100
2010-02-02,5283.299805,1105691000
2010-02-03,5253.200195,1140388100
2010-02-04,5139.299805,1725801600
2010-02-05,5060.899902,1930760100
2010-02-08,5092.299805,1326821100
2010-02-09,5111.799805,1284674100
2010-02-10,5132,1191910000
2010-02-11,5161.5,1565807200
2010-02-12,5142.5,1285903300
2010-02-15,5167.5,591532800
2010-02-16,5244.100098,1098282000
2010-02-17,5276.600098,1205018000
2010-02-18,5325.100098,966085200
2010-02-19,5358.200195,1469031000
2010-02-22,5352.100098,961342400
2010-02-23,5315.100098,1063966500
2010-02-24,5342.899902,953221200
2010-02-25,5278.200195,1951587200
2010-02-26,5354.5,1700847600
2010-03-01,5405.899902,1423330600
2010-03-02,5484.100098,1218498700
2010-03-03,5533.200195,1108893100
2010-03-04,5527.200195,1075263000
2010-03-05,5599.799805,1001732100
2010-03-08,5606.700195,837350700
2010-03-09,5602.299805,993738400
2010-03-10,5640.600098,997893900
2010-03-11,5617.299805,889812900
2010-03-12,5625.700195,1292880400
2010-03-15,5593.899902,818311200
2010-03-16,5620.399902,878179400
2010-03-17,5644.600098,930653500
2010-03-18,5642.600098,919829700
2010-03-19,5650.100098,2488301900
2010-03-22,5644.5,886165700
2010-03-23,5673.600098,969327600
2010-03-24,5677.899902,1118840000
2010-03-25,5727.700195,1098678300
2010-03-26,5703,1031531100
2010-03-29,5710.700195,1015977100
2010-03-30,5672.299805,930757400
2010-03-31,5679.600098,1105283700
2010-04-01,5744.899902,807719900
2010-04-06,5780.399902,845433900
2010-04-07,5762.100098,828676900
2010-04-08,5712.700195,820356600
2010-04-09,5771,704070300
2010-04-12,5777.700195,595469500
2010-04-13,5761.700195,668939800
2010-04-14,5796.299805,868022000
2010-04-15,5825,1030545900
2010-04-16,5744,1634478500
2010-04-19,5727.899902,889516800
2010-04-20,5783.700195,1081126000
2010-04-21,5723.399902,1148842800
2010-04-22,5665.299805,1139851500
2010-04-23,5723.700195,1002800100
2010-04-26,5753.899902,1036747900
2010-04-27,5603.5,1515371800
2010-04-28,5586.600098,1832667100
2010-04-29,5617.799805,1206691700
2010-04-30,5553.299805,1439125200
2010-05-04,5411.100098,1735870600
2010-05-05,5341.899902,1997069700
2010-05-06,5261,1701801200
2010-05-07,5123,2757309100
2010-05-10,5387.399902,2324686400
2010-05-11,5334.200195,1450249400
2010-05-12,5383.5,1513656500
2010-05-13,5433.700195,956026300
2010-05-14,5262.899902,1335859200
2010-05-17,5262.5,1200727700
2010-05-18,5307.299805,1111259100
2010-05-19,5158.100098,1381919600
2010-05-20,5073.100098,1700662800
2010-05-21,5062.899902,2015042600
2010-05-24,5069.600098,963073600
2010-05-25,4940.700195,1728679200
2010-05-26,5038.100098,1832110200
2010-05-27,5195.200195,1582638200
2010-05-28,5188.399902,1335686900
2010-06-01,5163.299805,1325107200
2010-06-02,5151.299805,1173782500
2010-06-03,5211.200195,1214853200
2010-06-04,5126,1209543600
2010-06-07,5069.100098,900731500
2010-06-08,5028.200195,1199075300
2010-06-09,5085.899902,1094116800
2010-06-10,5132.5,1364944200
2010-06-11,5163.700195,1102533300
2010-06-14,5202.100098,947984800
2010-06-15,5217.799805,1005269000
2010-06-16,5237.899902,1026163200
2010-06-17,5253.899902,1139301600
2010-06-18,5250.799805,1528137800
2010-06-21,5299.100098,797902600
2010-06-22,5247,1124430700
2010-06-23,5178.5,941044800
2010-06-24,5100.200195,979497900
2010-06-25,5046.5,1188668800
2010-06-28,5071.700195,845187300
2010-06-29,4914.200195,1016390800
2010-06-30,4916.899902,1277285100
2010-07-01,4805.799805,1342920500
2010-07-02,4838.100098,1038891400
2010-07-05,4823.5,539451500
2010-07-06,4965,921871900
2010-07-07,5014.799805,1061086600
2010-07-08,5105.5,1130033500
2010-07-09,5132.899902,859246500
2010-07-12,5167,622994300
2010-07-13,5271,891506900
2010-07-14,5253.5,839649300
2010-07-15,5211.299805,833731400
2010-07-16,5158.899902,1068185900
2010-07-19,5148.299805,687707400
2010-07-20,5139.5,830736400
2010-07-21,5214.600098,966423900
2010-07-22,5313.799805,1022077600
2010-07-23,5312.600098,872202700
2010-07-26,5351.100098,772356100
2010-07-27,5365.700195,1810362700
2010-07-28,5319.700195,1184814900
2010-07-29,5314,792887400
2010-07-30,5258,838262600
2010-08-02,5397.100098,955430600
2010-08-03,5396.5,849018700
2010-08-04,5386.200195,1157313500
2010-08-05,5365.799805,1082479100
2010-08-06,5332.399902,1147370800
2010-08-09,5410.5,635528400
2010-08-10,5376.399902,853612000
2010-08-11,5245.200195,1046900300
2010-08-12,5266.100098,1058661400
2010-08-13,5275.399902,862502000
2010-08-16,5276.100098,602793800
2010-08-17,5350.600098,722264800
2010-08-18,5302.899902,653515300
2010-08-19,5211.299805,825504500
2010-08-20,5195.299805,808561300
2010-08-23,5234.799805,582331200
2010-08-24,5156,863053600
2010-08-25,5109.399902,852400800
2010-08-26,5155.799805,699881200
2010-08-27,5201.600098,791004500
2010-08-31,5225.200195,1162231100
2010-09-01,5366.399902,990584200
2010-09-02,5371,836275200
2010-09-03,5428.200195,733985200
2010-09-06,5439.200195,482717500
2010-09-07,5407.799805,698426500
2010-09-08,5429.700195,851371400
2010-09-09,5494.200195,936215800
2010-09-10,5501.600098,792428300
2010-09-13,5565.5,882318800
2010-09-14,5567.399902,736346400
2010-09-15,5555.600098,764665800
2010-09-16,5540.100098,700521300
2010-09-17,5508.5,1391565500
2010-09-20,5602.5,676518800
2010-09-21,5576.200195,730333600
2010-09-22,5551.899902,783222600
2010-09-23,5547.100098,795945500
2010-09-24,5598.5,818644700
2010-09-27,5573.399902,600635600
2010-09-28,5578.399902,854163200
2010-09-29,5569.299805,799992400
2010-09-30,5548.600098,1012633600
2010-10-01,5592.899902,823630700
2010-10-04,5556,604252100
2010-10-05,5635.799805,830075100
2010-10-06,5681.399902,756640400
2010-10-07,5662.100098,947272600
2010-10-08,5657.600098,1047049700
2010-10-11,5672.399902,475637900
2010-10-12,5661.600098,637397400
2010-10-13,5747.399902,971374300
2010-10-14,5727.200195,1129485800
2010-10-15,5703.399902,996353400
2010-10-18,5742.5,610917600
2010-10-19,5703.899902,777665300
2010-10-20,5728.899902,671501800
2010-10-21,5757.899902,1023125900
2010-10-22,5741.399902,656563500
2010-10-25,5752,772475900
2010-10-26,5707.299805,812401800
2010-10-27,5646,787759900
2010-10-28,5677.899902,767341000
2010-10-29,5675.200195,836504200
2010-11-01,5694.600098,641764000
2010-11-02,5757.399902,805488200
2010-11-03,5749,825699300
2010-11-04,5862.799805,1079039900
2010-11-05,5875.399902,1106801400
2010-11-08,5850,772245200
2010-11-09,5875.200195,951025400
2010-11-10,5816.899902,942150500
2010-11-11,5815.200195,1091041700
2010-11-12,5796.899902,983021500
2010-11-15,5820.399902,620872900
2010-11-16,5681.899902,871717200
2010-11-17,5692.600098,761486100
2010-11-18,5768.700195,729396200
2010-11-19,5732.799805,732494100
2010-11-22,5680.799805,772790500
2010-11-23,5581.299805,1029344700
2010-11-24,5657.100098,907509900
2010-11-25,5698.899902,556473500
2010-11-26,5668.700195,862384300
2010-11-29,5551,1016586000
2010-11-30,5528.299805,1312071800
2010-12-01,5642.5,1141747400
2010-12-02,5767.600098,1070087500
2010-12-03,5745.299805,758341000
2010-12-06,5770.299805,760501400
2010-12-07,5808.5,915796600
2010-12-08,5794.5,795433900
2010-12-09,5808,910240700
2010-12-10,5813,611914600
2010-12-13,5860.799805,562916600
2010-12-14,5891.200195,665056300
2010-12-15,5882.200195,781046600
2010-12-16,5881.100098,635565900
2010-12-17,5871.799805,1431434300
2010-12-20,5891.600098,536148500
2010-12-21,5951.799805,541859600
2010-12-22,5983.5,527260100
2010-12-23,5996.100098,314131700
2010-12-24,6008.899902,66767100
2010-12-29,5996.399902,329122200
2010-12-30,5971,252316600
2010-12-31,5899.899902,197447000
2011-01-04,6013.899902,950390700
2011-01-05,6043.899902,884510500
2011-01-06,6019.5,843815800
2011-01-07,5984.299805,780033100
2011-01-10,5956.299805,662691000
2011-01-11,6014,861069300
2011-01-12,6050.700195,1021020800
2011-01-13,6023.899902,921442500
2011-01-14,6002.100098,852945600
2011-01-17,5985.700195,599125200
2011-01-18,6056.399902,869099100
2011-01-19,5976.700195,882393000
2011-01-20,5867.899902,999116500
2011-01-21,5896.299805,1161650600
2011-01-24,5943.899902,918501600
2011-01-25,5917.700195,1034224500
2011-01-26,5969.200195,880021300
2011-01-27,5965.100098,819346500
2011-01-28,5881.399902,968312100
2011-01-31,5862.899902,931414900
2011-02-01,5957.799805,963349500
2011-02-02,6000.100098,878318400
2011-02-03,5983.299805,1033274600
2011-02-04,5997.399902,763863300
2011-02-07,6051,694875000
2011-02-08,6091.299805,858439600
2011-02-09,6052.299805,923551800
2011-02-10,6020,821798100
2011-02-11,6062.899902,822602600
2011-02-14,6060.100098,635408300
2011-02-15,6037.100098,873268200
2011-02-16,6085.299805,858245200
2011-02-17,6087.399902,1021989100
2011-02-18,6083,802223000
2011-02-21,6014.799805,629790600
2011-02-22,5996.799805,769147500
2011-02-23,5923.5,895634900
2011-02-24,5920,939695100
2011-02-25,6001.200195,836550300
2011-02-28,5994,955595700
2011-03-01,5935.799805,895639800
2011-03-02,5914.899902,891083600
2011-03-03,6005.100098,811030200
2011-03-04,5990.399902,728615500
2011-03-07,5973.799805,651065500
2011-03-08,5974.799805,813024200
2011-03-09,5937.299805,729979100
2011-03-10,5845.299805,950808500
2011-03-11,5828.700195,777919800
2011-03-14,5775.200195,830598200
2011-03-15,5695.299805,1270223400
2011-03-16,5598.200195,1124024300
2011-03-17,5696.100098,931686000
2011-03-18,5718.100098,1379187400
2011-03-21,5786.100098,764087000
2011-03-22,5762.700195,686659100
2011-03-23,5795.899902,906624900
2011-03-24,5880.899902,828355800
2011-03-25,5900.799805,663222900
2011-03-28,5904.5,526577800
2011-03-29,5932.200195,669291100
2011-03-30,5948.299805,872031100
2011-03-31,5908.799805,1033616700
2011-04-01,6009.899902,921016700
2011-04-04,6017,683415100
2011-04-05,6007.100098,713905900
2011-04-06,6041.100098,810707000
2011-04-07,6007.399902,710450000
2011-04-08,6055.799805,606794600
2011-04-11,6053.399902,659149200
2011-04-12,5964.5,759467900
2011-04-13,6010.399902,700979400
2011-04-14,5963.799805,667918300
2011-04-15,5996,771907100
2011-04-18,5870.100098,872742500
2011-04-19,5896.899902,624888900
2011-04-20,6022.299805,704737200
2011-04-21,6018.299805,739317000
2011-04-26,6069.399902,553389400
2011-04-27,6068.200195,707283900
2011-04-28,6069.899902,741068000
2011-04-29,NA,NA
2011-05-03,6082.899902,809170900
2011-05-04,5984.100098,1002077100
2011-05-05,5920,1597409800
2011-05-06,5976.799805,1162112200
2011-05-09,5942.700195,803357200
2011-05-10,6018.899902,835132700
2011-05-11,5976,823139400
2011-05-12,5945,868796500
2011-05-13,5925.899902,705255100
2011-05-16,5923.700195,686694200
2011-05-17,5861,756848900
2011-05-18,5923.5,702325400
2011-05-19,5956,849895900
2011-05-20,5948.5,897899600
2011-05-23,5835.899902,852749200
2011-05-24,5858.399902,985312300
2011-05-25,5870.100098,916829300
2011-05-26,5881,863336800
2011-05-27,5938.899902,799337700
2011-05-31,5990,966550600
2011-06-01,5928.600098,830972100
2011-06-02,5847.899902,980195300
2011-06-03,5855,840497300
2011-06-06,5863.200195,650699800
2011-06-07,5864.700195,792266800
2011-06-08,5808.899902,848359000
2011-06-09,5856.299805,854520000
2011-06-10,5765.799805,786839200
2011-06-13,5773.5,643227300
2011-06-14,5803.100098,811563100
2011-06-15,5742.600098,806612100
2011-06-16,5698.799805,1039826800
2011-06-17,5714.899902,1215422800
2011-06-20,5693.399902,746206400
2011-06-21,5775.299805,745714800
2011-06-22,5773,744333700
2011-06-23,5674.399902,893970700
2011-06-24,5697.700195,1037392600
2011-06-27,5722.299805,835562500
2011-06-28,5766.899902,798684500
2011-06-29,5856,908814900
2011-06-30,5945.700195,1221084500
2011-07-01,5989.799805,871319600
2011-07-04,6017.5,466358000
2011-07-05,6024,654940400
2011-07-06,6002.899902,817116300
2011-07-07,6054.600098,833720400
2011-07-08,5990.600098,781326500
2011-07-11,5929.200195,850417100
2011-07-12,5869,1086509700
2011-07-13,5906.399902,830813000
2011-07-14,5847,715477400
2011-07-15,5843.700195,693411600
2011-07-18,5752.799805,848623100
2011-07-19,5790,912096000
2011-07-20,5853.799805,900376300
2011-07-21,5899.899902,1051054200
2011-07-22,5935,874525300
2011-07-25,5925.299805,645911000
2011-07-26,5929.700195,631694600
2011-07-27,5856.600098,777353400
2011-07-28,5873.200195,753182900
2011-07-29,5815.200195,1014403400
2011-08-01,5774.399902,864009700
2011-08-02,5718.399902,995746800
2011-08-03,5584.5,1094346800
2011-08-04,5393.100098,1428457100
2011-08-05,5247,2044242400
2011-08-08,5069,1576389600
2011-08-09,5164.899902,2039085100
2011-08-10,5007.200195,1649746300
2011-08-11,5162.799805,1455126400
2011-08-12,5320,1024505200
2011-08-15,5350.600098,695636400
2011-08-16,5357.600098,716380800
2011-08-17,5331.600098,671941800
2011-08-18,5092.200195,1183381000
2011-08-19,5040.799805,1546098700
2011-08-22,5095.299805,857260000
2011-08-23,5129.399902,904652300
2011-08-24,5205.899902,908821500
2011-08-25,5131.100098,1128589300
2011-08-26,5129.899902,1037445400
2011-08-30,5268.700195,910283100
2011-08-31,5394.5,1178142500
2011-09-01,5418.700195,975363800
2011-09-02,5292,823930000
2011-09-05,5102.600098,788821300
2011-09-06,5156.799805,946079100
2011-09-07,5318.600098,837910500
2011-09-08,5340.399902,922652100
2011-09-09,5214.700195,1048626000
2011-09-12,5129.600098,1009065300
2011-09-13,5174.299805,885954000
2011-09-14,5227,1116783000
2011-09-15,5337.5,1124040000
2011-09-16,5368.399902,1464013700
2011-09-19,5259.600098,721392700
2011-09-20,5363.700195,708695000
2011-09-21,5288.399902,770544200
2011-09-22,5041.600098,1191994800
2011-09-23,5066.799805,1013630400
2011-09-26,5089.399902,1039397000
2011-09-27,5294.100098,960705900
2011-09-28,5217.600098,726670200
2011-09-29,5196.799805,736900100
2011-09-30,5128.5,889500800
2011-10-03,5075.5,774952000
2011-10-04,4944.399902,1168273100
2011-10-05,5102.200195,932393600
2011-10-06,5291.299805,1147794400
2011-10-07,5303.399902,864877000
2011-10-10,5399,611583700
2011-10-11,5395.700195,636003500
2011-10-12,5441.799805,833336600
2011-10-13,5403.399902,895898200
2011-10-14,5466.399902,673341300
2011-10-17,5436.700195,720599700
2011-10-18,5410.399902,754537000
2011-10-19,5450.5,723007500
2011-10-20,5384.700195,796890500
2011-10-21,5488.700195,730196100
2011-10-24,5548.100098,677461300
2011-10-25,5525.5,777723200
2011-10-26,5553.200195,705184200
2011-10-27,5713.799805,1454155000
2011-10-28,5702.200195,997001700
2011-10-31,5544.200195,1079784300
2011-11-01,5421.600098,1331043600
2011-11-02,5484.100098,1363052800
2011-11-03,5545.600098,1217183500
2011-11-04,5527.200195,873169300
2011-11-07,5510.799805,730611300
2011-11-08,5567.299805,885001700
2011-11-09,5460.399902,1074260600
2011-11-10,5444.799805,799967700
2011-11-11,5545.399902,715717500
2011-11-14,5519,687675200
2011-11-15,5517.399902,841524400
2011-11-16,5509,941320000
2011-11-17,5423.100098,1059574700
2011-11-18,5362.899902,826014000
2011-11-21,5222.600098,952410000
2011-11-22,5206.799805,914555700
2011-11-23,5139.799805,1009698000
2011-11-24,5127.600098,856420500
2011-11-25,5164.700195,733865300
2011-11-28,5312.799805,897909200
2011-11-29,5337,794447300
2011-11-30,5505.399902,1647245500
2011-12-01,5489.299805,939174800
2011-12-02,5552.299805,984099700
2011-12-05,5568,900658000
2011-12-06,5568.700195,857312600
2011-12-07,5546.899902,932154800
2011-12-08,5483.799805,907438000
2011-12-09,5529.200195,841432700
2011-12-12,5427.899902,801332300
2011-12-13,5490.200195,757732000
2011-12-14,5366.799805,860719700
2011-12-15,5400.899902,803271700
2011-12-16,5387.299805,1273215100
2011-12-19,5365,632321300
2011-12-20,5419.600098,779731400
2011-12-21,5389.700195,803794200
2011-12-22,5457,610838400
2011-12-23,5512.700195,204750100
2011-12-28,5507.399902,449839700
2011-12-29,5566.799805,325749000
2011-12-30,5572.299805,188110800
2012-01-03,5699.899902,778529200
2012-01-04,5668.5,696937800
2012-01-05,5624.299805,794279400
2012-01-06,5649.700195,705018100
2012-01-09,5612.299805,785646100
2012-01-10,5696.700195,865034500
2012-01-11,5670.799805,893410000
2012-01-12,5662.399902,1382096100
2012-01-13,5636.600098,1318584400
2012-01-16,5657.399902,672822900
2012-01-17,5694,1232187300
2012-01-18,5702.399902,792321000
2012-01-19,5741.200195,1404271200
2012-01-20,5728.600098,1315166200
2012-01-23,5782.600098,852459600
2012-01-24,5751.899902,916105000
2012-01-25,5723,884691100
2012-01-26,5795.200195,874328700
2012-01-27,5733.5,790045200
2012-01-30,5671.100098,778100000
2012-01-31,5681.600098,1018319100
2012-02-01,5790.700195,985247100
2012-02-02,5796.100098,967388600
2012-02-03,5901.100098,1156774200
2012-02-06,5892.200195,828464600
2012-02-07,5890.299805,785340700
2012-02-08,5875.899902,809267800
2012-02-09,5895.5,973462200
2012-02-10,5852.399902,948790300
2012-02-13,5905.700195,641643100
2012-02-14,5899.899902,832567200
2012-02-15,5892.200195,801550200
2012-02-16,5885.399902,751180400
2012-02-17,5905.100098,1101911000
2012-02-20,5945.299805,723669700
2012-02-21,5928.200195,846269200
2012-02-22,5916.600098,872089000
2012-02-23,5937.899902,1071356900
2012-02-24,5935.100098,1010948400
2012-02-27,5915.600098,966771100
2012-02-28,5927.899902,804670300
2012-02-29,5871.5,1201161000
2012-03-01,5931.299805,900749900
2012-03-02,5911.100098,736456500
2012-03-05,5874.799805,873447200
2012-03-06,5765.799805,989886600
2012-03-07,5791.399902,859928000
2012-03-08,5859.700195,828107700
2012-03-09,5887.5,854778900
2012-03-12,5892.799805,800492000
2012-03-13,5955.899902,761933800
2012-03-14,5945.399902,1165018000
2012-03-15,5940.700195,1034944400
2012-03-16,5965.600098,1830036200
2012-03-19,5961.100098,951065300
2012-03-20,5891.399902,978545300
2012-03-21,5892,907211300
2012-03-22,5845.700195,883155700
2012-03-23,5854.899902,848516900
2012-03-26,5902.700195,722858600
2012-03-27,5869.600098,1257297400
2012-03-28,5809,931498400
2012-03-29,5742,1084172100
2012-03-30,5768.5,990170000
2012-04-02,5874.899902,886248600
2012-04-03,5838.299805,896434000
2012-04-04,5703.799805,1174203100
2012-04-05,5723.700195,905682000
2012-04-10,5595.600098,1008933700
2012-04-11,5634.700195,1132327600
2012-04-12,5710.5,1115210000
2012-04-13,5651.799805,830223000
2012-04-16,5666.299805,1101926600
2012-04-17,5767,856433000
2012-04-18,5745.299805,873962600
2012-04-19,5744.600098,958392100
2012-04-20,5772.200195,847833800
2012-04-23,5665.600098,777185500
2012-04-24,5709.5,807899200
2012-04-25,5718.899902,859133200
2012-04-26,5748.700195,879956100
2012-04-27,5777.100098,812249700
2012-04-30,5737.799805,784967000
2012-05-01,5812.200195,653605400
2012-05-02,5758.100098,962324800
2012-05-03,5766.600098,788566200
2012-05-04,5655.100098,1013188100
2012-05-08,5554.600098,1052975800
2012-05-09,5530.100098,1006218000
2012-05-10,5544,847647600
2012-05-11,5575.5,772576800
2012-05-14,5465.5,883929300
2012-05-15,5437.600098,876368200
2012-05-16,5405.299805,1026459500
2012-05-17,5338.399902,894671500
2012-05-18,5267.600098,1225450800
2012-05-21,5304.5,914314900
2012-05-22,5403.299805,931864300
2012-05-23,5266.399902,997826100
2012-05-24,5350.100098,737282500
2012-05-25,5351.5,734363700
2012-05-29,5391.100098,729588100
2012-05-30,5297.299805,863484700
2012-05-31,5320.899902,1398519800
2012-06-01,5260.200195,1056087800
2012-06-06,5384.100098,1098347700
2012-06-07,5447.799805,1030125200
2012-06-08,5435.100098,916402400
2012-06-11,5432.399902,950512200
2012-06-12,5473.700195,890749100
2012-06-13,5483.799805,831010500
2012-06-14,5467.100098,985630700
2012-06-15,5478.799805,2307095100
2012-06-18,5491.100098,879532400
2012-06-19,5586.299805,816800600
2012-06-20,5622.299805,903447000
2012-06-21,5566.399902,785237400
2012-06-22,5513.700195,677911200
2012-06-25,5450.700195,716161000
2012-06-26,5447,631700600
2012-06-27,5523.899902,678486600
2012-06-28,5493.100098,1027922600
2012-06-29,5571.200195,1061581800
2012-07-02,5640.600098,696936400
2012-07-03,5687.700195,795293400
2012-07-04,5684.5,445463400
2012-07-05,5692.600098,766719300
2012-07-06,5662.600098,602832000
2012-07-09,5627.299805,682352500
2012-07-10,5664.100098,607970100
2012-07-11,5664.5,606669000
2012-07-12,5608.299805,667049300
2012-07-13,5666.100098,609268500
2012-07-16,5662.399902,569289800
2012-07-17,5629.100098,602763200
2012-07-18,5685.799805,669962500
2012-07-19,5714.200195,711475200
2012-07-20,5651.799805,961834500
2012-07-23,5533.899902,691607200
2012-07-24,5499.200195,551196900
2012-07-25,5498.299805,621394800
2012-07-26,5573.200195,817687800
2012-07-27,5627.200195,732786100
2012-07-30,5693.600098,648632900
2012-07-31,5635.299805,645790800
2012-08-01,5712.799805,554180400
2012-08-02,5662.299805,805200700
2012-08-03,5787.299805,748571600
2012-08-06,5808.799805,613098000
2012-08-07,5841.200195,779689000
2012-08-08,5845.899902,588922600
2012-08-09,5851.5,741075800
2012-08-10,5847.100098,466836800
2012-08-13,5831.899902,410230200
2012-08-14,5864.799805,627904000
2012-08-15,5833,560382800
2012-08-16,5834.5,587033800
2012-08-17,5852.399902,731769500
2012-08-20,5824.399902,692842000
2012-08-21,5857.5,501843600
2012-08-22,5774.200195,535193100
2012-08-23,5776.600098,636105200
2012-08-24,5776.600098,487763900
2012-08-28,5775.700195,524544700
2012-08-29,5743.5,523480600
2012-08-30,5719.5,479116800
2012-08-31,5711.5,851664900
2012-09-03,5758.399902,394561500
2012-09-04,5672,628708300
2012-09-05,5657.899902,737252900
2012-09-06,5777.299805,1097422200
2012-09-07,5794.799805,1271438400
2012-09-10,5793.200195,672891000
2012-09-11,5792.200195,779957800
2012-09-12,5782.100098,1101683900
2012-09-13,5819.899902,819530100
2012-09-14,5915.600098,1506216700
2012-09-17,5893.5,691683900
2012-09-18,5868.200195,802597700
2012-09-19,5888.5,704137700
2012-09-20,5854.600098,656511300
2012-09-21,5852.600098,1202461200
2012-09-24,5838.799805,736974100
2012-09-25,5859.700195,737347700
2012-09-26,5768.100098,685626300
2012-09-27,5779.399902,545045200
2012-09-28,5742.100098,745469400
2012-10-01,5820.5,690293800
2012-10-02,5809.5,704898700
2012-10-03,5825.799805,606196800
2012-10-04,5827.799805,817156300
2012-10-05,5871,883077400
2012-10-08,5841.700195,492224100
2012-10-09,5810.299805,574468400
2012-10-10,5776.700195,681615400
2012-10-11,5829.799805,693356400
2012-10-12,5793.299805,888088200
2012-10-15,5805.600098,695435700
2012-10-16,5870.5,877624500
2012-10-17,5910.899902,903398900
2012-10-18,5917.100098,869993300
2012-10-19,5896.200195,829321100
2012-10-22,5882.899902,540270400
2012-10-23,5797.899902,654156800
2012-10-24,5804.799805,953707400
2012-10-25,5805.100098,654435200
2012-10-26,5806.700195,622849800
2012-10-29,5795.100098,432888800
2012-10-30,5849.899902,403992400
2012-10-31,5782.700195,874664200
2012-11-01,5861.899902,1042591700
2012-11-02,5868.600098,855128600
2012-11-05,5839.100098,565871300
2012-11-06,5884.899902,774672800
2012-11-07,5791.600098,922666000
2012-11-08,5776.100098,729278400
2012-11-09,5769.700195,708900000
2012-11-12,5767.299805,654357700
2012-11-13,5786.299805,950283500
2012-11-14,5722,865457700
2012-11-15,5677.799805,799767400
2012-11-16,5605.600098,939385600
2012-11-19,5737.700195,745281500
2012-11-20,5748.100098,803266300
2012-11-21,5752,640008800
2012-11-22,5791,511821700
2012-11-23,5819.100098,427505000
2012-11-26,5786.700195,601954400
2012-11-27,5799.700195,659091000
2012-11-28,5803.299805,610194800
2012-11-29,5870.299805,652938200
2012-11-30,5866.799805,699163600
2012-12-03,5871.200195,512045500
2012-12-04,5869,596025500
2012-12-05,5892.100098,610548500
2012-12-06,5901.399902,637068600
2012-12-07,5914.399902,584102500
2012-12-10,5921.600098,463904100
2012-12-11,5925,514655800
2012-12-12,5945.899902,629912400
2012-12-13,5929.600098,557270400
2012-12-14,5921.799805,529958300
2012-12-17,5912.200195,533505800
2012-12-18,5935.899902,664063300
2012-12-19,5961.600098,743375800
2012-12-20,5958.299805,596569500
2012-12-21,5940,933059900
2012-12-24,5954.200195,149881300
2012-12-27,5954.299805,340703400
2012-12-28,5925.399902,306906200
2012-12-31,5897.799805,164636500
2013-01-02,6027.399902,652659400
2013-01-03,6047.299805,470665900
2013-01-04,6089.799805,548929200
2013-01-07,6064.600098,571661700
2013-01-08,6053.600098,663115700
2013-01-09,6098.700195,812116200
2013-01-10,6101.5,764650200
2013-01-11,6121.600098,685724400
2013-01-14,6107.899902,628350000
2013-01-15,6117.299805,700998500
2013-01-16,6104,818412100
2013-01-17,6132.399902,622925200
2013-01-18,6154.399902,713504600
2013-01-21,6181,401154800
2013-01-22,6179.200195,558352800
2013-01-23,6197.600098,685179700
2013-01-24,6264.899902,655654900
2013-01-25,6284.5,585517400
2013-01-28,6294.399902,533448800
2013-01-29,6339.200195,641748600
2013-01-30,6323.100098,691737600
2013-01-31,6276.899902,809378600
2013-02-01,6347.200195,686175200
2013-02-04,6246.799805,765896900
2013-02-05,6282.799805,612214600
2013-02-06,6295.299805,673857000
2013-02-07,6228.399902,721694500
2013-02-08,6263.899902,589359300
2013-02-11,6277.100098,448134200
2013-02-12,6338.399902,813154300
2013-02-13,6359.100098,756377700
2013-02-14,6327.399902,713898900
2013-02-15,6328.299805,636564400
2013-02-18,6318.200195,459974900
2013-02-19,6379.100098,672871900
2013-02-20,6395.399902,756333900
2013-02-21,6291.5,733017000
2013-02-22,6335.700195,702828200
2013-02-25,6355.399902,994472400
2013-02-26,6270.399902,772273300
2013-02-27,6325.899902,707922300
2013-02-28,6360.799805,909994200
2013-03-01,6378.600098,1106390100
2013-03-04,6345.600098,704235700
2013-03-05,6432,683437100
2013-03-06,6427.600098,1098361600
2013-03-07,6439.200195,923031500
2013-03-08,6483.600098,844774800
2013-03-11,6503.600098,625234000
2013-03-12,6510.600098,616794400
2013-03-13,6481.5,666282400
2013-03-14,6529.399902,791452600
2013-03-15,6489.700195,1262249400
2013-03-18,6457.899902,748775900
2013-03-19,6441.299805,679522800
2013-03-20,6432.700195,724526500
2013-03-21,6388.600098,641944200
2013-03-22,6392.799805,768806500
2013-03-25,6378.399902,768298200
2013-03-26,6399.399902,650359300
2013-03-27,6387.600098,755244900
2013-03-28,6411.700195,731507000
2013-04-02,6490.700195,913557400
2013-04-03,6420.299805,676016200
2013-04-04,6344.100098,680161200
2013-04-05,6249.799805,668684100
2013-04-08,6276.899902,650412500
2013-04-09,6313.200195,613230800
2013-04-10,6387.399902,678441400
2013-04-11,6416.100098,556826000
2013-04-12,6384.399902,521445800
2013-04-15,6343.600098,576452100
2013-04-16,6304.600098,609897600
2013-04-17,6244.200195,738341700
2013-04-18,6243.700195,668152700
2013-04-19,6286.600098,694202900
2013-04-22,6280.600098,603305900
2013-04-23,6406.100098,719139100
2013-04-24,6431.799805,735699100
2013-04-25,6442.600098,739178900
2013-04-26,6426.399902,560270500
2013-04-29,6458,636101000
2013-04-30,6430.100098,1079343900
2013-05-01,6451.299805,409459900
2013-05-02,6460.700195,744888400
2013-05-03,6521.5,768857600
2013-05-07,6557.299805,795845400
2013-05-08,6583.5,703446800
2013-05-09,6592.700195,750085400
2013-05-10,6625,807522700
2013-05-13,6631.799805,560542000
2013-05-14,6686.100098,618403700
2013-05-15,6693.600098,690863200
2013-05-16,6687.799805,766342800
2013-05-17,6723.100098,855145300
2013-05-20,6755.600098,736130700
2013-05-21,6803.899902,763672400
2013-05-22,6840.299805,964619800
2013-05-23,6696.799805,987091200
2013-05-24,6654.299805,787892200
2013-05-28,6762,658595500
2013-05-29,6627.200195,613718300
2013-05-30,6657,594003700
2013-05-31,6583.100098,1182587300
2013-06-03,6525.100098,780013000
2013-06-04,6558.600098,806462900
2013-06-05,6419.299805,800986600
2013-06-06,6336.100098,680974000
2013-06-07,6412,786639400
2013-06-10,6400.5,597227000
2013-06-11,6340.100098,736368300
2013-06-12,6299.5,693795800
2013-06-13,6304.600098,824350700
2013-06-14,6308.299805,734161700
2013-06-17,6330.5,575444200
2013-06-18,6374.200195,654137300
2013-06-19,6348.799805,723618600
2013-06-20,6159.5,874375000
2013-06-21,6116.200195,1508289800
2013-06-24,6029.100098,864109800
2013-06-25,6101.899902,786471900
2013-06-26,6165.5,754668000
2013-06-27,6243.399902,803972700
2013-06-28,6215.5,920725800
2013-07-01,6307.799805,657027100
2013-07-02,6303.899902,560698900
2013-07-03,6229.899902,663008700
2013-07-04,6421.700195,824171700
2013-07-05,6375.5,725870000
2013-07-08,6450.100098,622004000
2013-07-09,6513.100098,658607000
2013-07-10,6505,606500700
2013-07-11,6543.399902,646067300
2013-07-12,6544.899902,595530200
2013-07-15,6586.100098,585046200
2013-07-16,6556.399902,746494800
2013-07-17,6571.899902,694630900
2013-07-18,6634.399902,657400600
2013-07-19,6630.700195,756017500
2013-07-22,6623.200195,502867700
2013-07-23,6597.399902,673295800
2013-07-24,6620.399902,595811200
2013-07-25,6588,505142900
2013-07-26,6554.799805,455317800
2013-07-29,6560.299805,487601100
2013-07-30,6571,696264300
2013-07-31,6621.100098,751660600
2013-08-01,6682,977036100
2013-08-02,6647.899902,660354400
2013-08-05,6619.600098,604089200
2013-08-06,6604.200195,698361800
2013-08-07,6511.200195,641422000
2013-08-08,6529.700195,566013400
2013-08-09,6583.399902,632934600
2013-08-12,6574.299805,478927500
2013-08-13,6611.899902,568866800
2013-08-14,6587.399902,678146300
2013-08-15,6483.299805,667125400
2013-08-16,6500,637579900
2013-08-19,6465.700195,467686900
2013-08-20,6453.5,620943400
2013-08-21,6390.799805,607065300
2013-08-22,6446.899902,501840600
2013-08-23,6492.100098,485422600
2013-08-27,6441,760395800
2013-08-28,6430.100098,748560000
2013-08-29,6483.100098,876297500
2013-08-30,6412.899902,797043300
2013-09-02,6506.200195,596599000
2013-09-03,6468.399902,737860300
2013-09-04,6474.700195,717066000
2013-09-05,6532.399902,758348500
2013-09-06,6547.299805,606304300
2013-09-09,6530.700195,586569100
2013-09-10,6584,730044200
2013-09-11,6588.399902,709330400
2013-09-12,6589,616038700
2013-09-13,6583.799805,495637800
2013-09-16,6622.899902,565475200
2013-09-17,6570.200195,1200508900
2013-09-18,6558.799805,793615500
2013-09-19,6625.399902,799392100
2013-09-20,6596.399902,1534434000
2013-09-23,6557.399902,592407000
2013-09-24,6571.5,663765500
2013-09-25,6551.5,828370800
2013-09-26,6565.600098,552698700
2013-09-27,6512.700195,556754000
2013-09-30,6462.200195,667902900
2013-10-01,6460,599067900
2013-10-02,6437.5,575169900
2013-10-03,6449,617408100
2013-10-04,6453.899902,528846400
2013-10-07,6437.299805,484159000
2013-10-08,6365.799805,718013100
2013-10-09,6337.899902,605274000
2013-10-10,6430.5,631265600
2013-10-11,6487.200195,545658000
2013-10-14,6507.700195,434972100
2013-10-15,6549.100098,603859700
2013-10-16,6571.600098,663774300
2013-10-17,6576.200195,669589600
2013-10-18,6622.600098,710029000
2013-10-21,6654.200195,494967200
2013-10-22,6695.700195,575007300
2013-10-23,6674.5,643936600
2013-10-24,6713.200195,601321000
2013-10-25,6721.299805,569150500
2013-10-28,6725.799805,590265200
2013-10-29,6774.700195,781277300
2013-10-30,6777.700195,656351600
2013-10-31,6731.399902,742779000
2013-11-01,6734.700195,675463600
2013-11-04,6763.600098,510147600
2013-11-05,6746.799805,723671000
2013-11-06,6741.700195,636589100
2013-11-07,6697.200195,641427800
2013-11-08,6708.399902,598943100
2013-11-11,6728.399902,633862400
2013-11-12,6726.799805,589417300
2013-11-13,6630,723057300
2013-11-14,6666.100098,624125200
2013-11-15,6693.399902,587733600
2013-11-18,6723.5,538915700
2013-11-19,6698,532008000
2013-11-20,6681.100098,558048100
2013-11-21,6681.299805,483785600
2013-11-22,6674.299805,495703600
2013-11-25,6694.600098,465826500
2013-11-26,6636.200195,985378000
2013-11-27,6649.5,580621900
2013-11-28,6654.5,462672900
2013-11-29,6650.600098,535923900
2013-12-02,6595.299805,559055100
2013-12-03,6532.399902,685375800
2013-12-04,6510,780322600
2013-12-05,6498.299805,558155700
2013-12-06,6552,564649300
2013-12-09,6559.5,506215400
2013-12-10,6523.299805,553693100
2013-12-11,6507.700195,524482100
2013-12-12,6445.299805,663531400
2013-12-13,6440,694450900
2013-12-16,6522.200195,653797800
2013-12-17,6486.200195,584054600
2013-12-18,6492.100098,529477900
2013-12-19,6584.700195,648648400
2013-12-20,6606.600098,1096668200
2013-12-23,6678.600098,351999300
2013-12-24,6694.200195,101669600
2013-12-27,6750.899902,291262200
2013-12-30,6731.299805,295360600
2013-12-31,6749.100098,153445200
2014-01-02,6717.899902,459529100
2014-01-03,6730.700195,374841500
2014-01-06,6730.700195,524387000
2014-01-07,6755.5,672375600
2014-01-08,6721.799805,720025300
2014-01-09,6691.299805,782896500
2014-01-10,6739.899902,811611800
2014-01-13,6757.200195,598026900
2014-01-14,6766.899902,568346600
2014-01-15,6819.899902,693715800
2014-01-16,6815.399902,714152700
2014-01-17,6829.299805,999744600
2014-01-20,6836.700195,424810700
2014-01-21,6834.299805,618281400
2014-01-22,6826.299805,548735700
2014-01-23,6773.299805,668664300
2014-01-24,6663.700195,844748200
2014-01-27,6550.700195,985294600
2014-01-28,6572.299805,675704400
2014-01-29,6544.299805,990211400
2014-01-30,6538.5,755894300
2014-01-31,6510.399902,751205000
2014-02-03,6465.700195,829888700
2014-02-04,6449.299805,922887700
2014-02-05,6457.899902,810173800
2014-02-06,6558.299805,815148900
2014-02-07,6571.700195,708467800
2014-02-10,6591.600098,593694900
2014-02-11,6672.700195,934913300
2014-02-12,6675,820072000
2014-02-13,6659.399902,1170917600
2014-02-14,6663.600098,912852700
2014-02-17,6736,630547500
2014-02-18,6796.399902,828311700
2014-02-19,6796.700195,793947100
2014-02-20,6813,745785700
2014-02-21,6838.100098,1024984200
2014-02-24,6865.899902,1068068300
2014-02-25,6830.5,1163984100
2014-02-26,6799.200195,739193300
2014-02-27,6810.299805,860420000
2014-02-28,6809.700195,924578400
2014-03-03,6708.399902,829082600
2014-03-04,6823.799805,734136300
2014-03-05,6775.399902,630136500
2014-03-06,6788.5,666186300
2014-03-07,6712.700195,793752600
2014-03-10,6689.5,820416900
2014-03-11,6685.5,868947800
2014-03-12,6620.899902,891943200
2014-03-13,6553.799805,895818900
2014-03-14,6527.899902,847299400
2014-03-17,6568.399902,692708400
2014-03-18,6605.299805,723690100
2014-03-19,6573.100098,1051188400
2014-03-20,6542.399902,795074200
2014-03-21,6557.200195,1501522000
2014-03-24,6520.399902,762850300
2014-03-25,6604.899902,674287000
2014-03-26,6605.299805,1429765600
2014-03-27,6588.299805,850226700
2014-03-28,6615.600098,1001322600
2014-03-31,6598.399902,868366300
2014-04-01,6652.600098,857737300
2014-04-02,6659,973749400
2014-04-03,6649.100098,670678000
2014-04-04,6695.600098,876352600
2014-04-07,6622.799805,667468200
2014-04-08,6590.700195,1056680100
2014-04-09,6635.600098,758993600
2014-04-10,6642,671373100
2014-04-11,6561.700195,817952500
2014-04-14,6583.799805,983152200
2014-04-15,6541.600098,858936000
2014-04-16,6584.200195,686337200
2014-04-17,6625.299805,842349900
2014-04-22,6681.799805,843999800
2014-04-23,6674.700195,637850100
2014-04-24,6703,616106700
2014-04-25,6685.700195,578697500
2014-04-28,6700.200195,652775300
2014-04-29,6769.899902,674490500
2014-04-30,6780,773112200
2014-05-01,6808.899902,649344400
2014-05-02,6822.399902,746449000
2014-05-06,6798.600098,732623500
2014-05-07,6796.399902,768894900
2014-05-08,6839.299805,818478900
2014-05-09,6814.600098,617677000
2014-05-12,6851.799805,565733200
2014-05-13,6873.100098,631554800
2014-05-14,6878.5,529825700
2014-05-15,6840.899902,896969900
2014-05-16,6855.799805,985979600
2014-05-19,6844.600098,745674100
2014-05-20,6802,680773300
2014-05-21,6821,733746900
2014-05-22,6820.600098,564880200
2014-05-23,6815.799805,485846000
2014-05-27,6844.899902,585487200
2014-05-28,6851.200195,577490600
2014-05-29,6871.299805,403366600
2014-05-30,6844.5,1174009700
2014-06-02,6864.100098,573724300
2014-06-03,6836.299805,505128700
2014-06-04,6818.600098,575435900
2014-06-05,6813.5,627405700
2014-06-06,6858.200195,774866500
2014-06-09,6875,388132800
2014-06-10,6873.600098,535388800
2014-06-11,6838.899902,676538600
2014-06-12,6843.100098,527380800
2014-06-13,6777.899902,640614600
2014-06-16,6754.600098,604240100
2014-06-17,6766.799805,577374400
2014-06-18,6778.600098,511450700
2014-06-19,6808.100098,564148400
2014-06-20,6825.200195,1020446400
2014-06-23,6800.600098,466639400
2014-06-24,6787.100098,570127000
2014-06-25,6733.600098,585547600
2014-06-26,6735.100098,902551300
2014-06-27,6757.799805,516986900
2014-06-30,6743.899902,614336500
2014-07-01,6802.899902,514345100
2014-07-02,6816.399902,479498000
2014-07-03,6865.200195,523958700
2014-07-04,6866.100098,329363500
2014-07-07,6823.5,389059700
2014-07-08,6738.5,660675300
2014-07-09,6718,602260300
2014-07-10,6672.399902,764873500
2014-07-11,6690.200195,533174800
2014-07-14,6746.100098,468494700
2014-07-15,6710.5,604327700
2014-07-16,6784.700195,610714400
2014-07-17,6738.299805,631724300
2014-07-18,6749.5,585590200
2014-07-21,6728.399902,470701900
2014-07-22,6795.299805,538472400
2014-07-23,6798.200195,589203600
2014-07-24,6821.5,541591300
2014-07-25,6791.600098,661620000
2014-07-28,6788.100098,528691400
2014-07-29,6807.799805,527703100
2014-07-30,6773.399902,692780400
2014-07-31,6730.100098,919865400
2014-08-01,6679.200195,695334800
2014-08-04,6677.5,522832700
2014-08-05,6682.5,512852200
2014-08-06,6636.200195,803798800
2014-08-07,6597.399902,565630100
2014-08-08,6567.399902,645423400
2014-08-11,6632.799805,494367000
2014-08-12,6632.399902,448281800
2014-08-13,6656.700195,527733500
2014-08-14,6685.299805,512629300
2014-08-15,6689.100098,545581000
2014-08-18,6741.299805,413053500
2014-08-19,6779.299805,463536900
2014-08-20,6755.5,466211000
2014-08-21,6777.700195,423431000
2014-08-22,6775.299805,571522600
2014-08-26,6822.799805,538317700
2014-08-27,6830.700195,481233300
2014-08-28,6805.799805,498070100
2014-08-29,6819.799805,720978600
2014-09-01,6825.299805,404272400
2014-09-02,6829.200195,820230900
2014-09-03,6873.600098,674899700
2014-09-04,6878,689038700
2014-09-05,6855.100098,596549800
2014-09-08,6834.799805,754127500
2014-09-09,6829,580798600
2014-09-10,6830.100098,585612100
2014-09-11,6799.600098,648015500
2014-09-12,6807,552974800
2014-09-15,6804.200195,529231800
2014-09-16,6792.200195,592887700
2014-09-17,6780.899902,596526700
2014-09-18,6819.299805,644480400
2014-09-19,6837.899902,1551957500
2014-09-22,6773.600098,675055200
2014-09-23,6676.100098,762840800
2014-09-24,6706.299805,793646000
2014-09-25,6639.700195,927894000
2014-09-26,6649.399902,589221500
2014-09-29,6646.600098,564786600
2014-09-30,6622.700195,882273900
2014-10-01,6557.5,789707300
2014-10-02,6446.399902,807089800
2014-10-03,6527.899902,750613100
2014-10-06,6563.700195,722223000
2014-10-07,6495.600098,858099000
2014-10-08,6482.200195,822967200
2014-10-09,6431.899902,864389000
2014-10-10,6340,897708400
2014-10-13,6366.200195,846365400
2014-10-14,6392.700195,831098100
2014-10-15,6211.600098,1137435900
2014-10-16,6195.899902,1697447000
2014-10-17,6310.299805,1106053200
2014-10-20,6267.100098,723302900
2014-10-21,6372.299805,856658100
2014-10-22,6399.700195,727170300
2014-10-23,6419.200195,840402100
2014-10-24,6388.700195,717827900
2014-10-27,6363.5,781565600
2014-10-28,6402.200195,800681500
2014-10-29,6453.899902,700842900
2014-10-30,6463.600098,815851600
2014-10-31,6546.5,1062914700
2014-11-03,6488,712567500
2014-11-04,6454,816651600
2014-11-05,6539.100098,769396700
2014-11-06,6551.200195,799914900
2014-11-07,6567.200195,764955100
2014-11-10,6611.299805,575418400
2014-11-11,6627.399902,764945500
2014-11-12,6611,703040700
2014-11-13,6635.5,721388700
2014-11-14,6654.399902,627535100
2014-11-17,6672,537365300
2014-11-18,6709.100098,653233800
2014-11-19,6696.600098,802689100
2014-11-20,6678.899902,640496600
2014-11-21,6750.799805,845575400
2014-11-24,6729.799805,680406300
2014-11-25,6731.100098,907288200
2014-11-26,6729.200195,586890500
2014-11-27,6723.399902,517208400
2014-11-28,6722.600098,839390500
2014-12-01,6656.399902,728046400
2014-12-02,6742.100098,654954300
2014-12-03,6716.600098,707002000
2014-12-04,6679.399902,699897800
2014-12-05,6742.799805,678464700
2014-12-08,6672.200195,513903800
2014-12-09,6529.5,951132300
2014-12-10,6500,692354700
2014-12-11,6461.700195,757393100
2014-12-12,6300.600098,793966500
2014-12-15,6182.700195,985776000
2014-12-16,6331.799805,1037451400
2014-12-17,6336.5,745851900
2014-12-18,6466,967411900
2014-12-19,6545.299805,1144608500
2014-12-22,6576.700195,483625300
2014-12-23,6598.200195,380283900
2014-12-24,6609.899902,253486900
2014-12-29,6633.5,350346200
2014-12-30,6547,337948000
2014-12-31,6566.100098,125563600
2015-01-02,6547.799805,367562200
2015-01-05,6417.200195,728001100
2015-01-06,6366.5,769463100
2015-01-07,6419.799805,688211500
2015-01-08,6570,882740200
2015-01-09,6501.100098,738488500
2015-01-12,6501.399902,602313100
2015-01-13,6542.200195,673572900
2015-01-14,6388.5,971256900
2015-01-15,6498.799805,980049600
2015-01-16,6550.299805,805741900
2015-01-19,6585.5,537915700
2015-01-20,6620.100098,677002900
2015-01-21,6728,847589600
2015-01-22,6796.600098,926018400
2015-01-23,6832.799805,839368300
2015-01-26,6852.399902,611915000
2015-01-27,6811.600098,713907000
2015-01-28,6825.899902,779603800
2015-01-29,6810.600098,704517100
2015-01-30,6749.399902,799357300
2015-02-02,6782.600098,757554400
2015-02-03,6871.799805,855708500
2015-02-04,6860,817845800
2015-02-05,6865.899902,731200400
2015-02-06,6853.399902,648533700
2015-02-09,6837.200195,620697200
2015-02-10,6829.100098,773108400
2015-02-11,6818.200195,623275800
2015-02-12,6828.100098,809863300
2015-02-13,6873.5,734854200
2015-02-16,6857.100098,415979100
2015-02-17,6898.100098,612932700
2015-02-18,6898.100098,677405400
2015-02-19,6888.899902,641759700
2015-02-20,6915.200195,764028800
2015-02-23,6912.200195,680805600
2015-02-24,6949.600098,831640000
2015-02-25,6935.399902,697704800
2015-02-26,6949.700195,782087000
2015-02-27,6946.700195,881579100
2015-03-02,6940.600098,778879400
2015-03-03,6889.100098,784037600
2015-03-04,6919.200195,741168200
2015-03-05,6961.100098,798406800
2015-03-06,6911.799805,748637900
2015-03-09,6876.5,670579200
2015-03-10,6702.799805,887272000
2015-03-11,6721.5,746833900
2015-03-12,6761.100098,845927100
2015-03-13,6740.600098,710321200
2015-03-16,6804.100098,685731900
2015-03-17,6837.600098,757362800
2015-03-18,6945.200195,772632700
2015-03-19,6962.299805,809174400
2015-03-20,7022.5,1419421400
2015-03-23,7037.700195,673591200
2015-03-24,7019.700195,702620900
2015-03-25,6991,645837600
2015-03-26,6895.299805,936518300
2015-03-27,6855,736697300
2015-03-30,6891.399902,639393900
2015-03-31,6773,900335700
2015-04-01,6809.5,800482200
2015-04-02,6833.5,575894800
2015-04-07,6961.799805,704104300
2015-04-08,6937.399902,865524000
2015-04-09,7015.399902,698600800
2015-04-10,7089.799805,801926500
2015-04-13,7064.299805,592637100
2015-04-14,7075.299805,669927300
2015-04-15,7096.799805,722590500
2015-04-16,7060.5,750900800
2015-04-17,6994.600098,776519900
2015-04-20,7052.100098,583888000
2015-04-21,7062.899902,655787700
2015-04-22,7028.200195,785146300
2015-04-23,7053.700195,714656500
2015-04-24,7070.700195,796682000
2015-04-27,7104,679761700
2015-04-28,7030.5,796371600
2015-04-29,6946.299805,767322400
2015-04-30,6960.600098,906266700
2015-05-01,6986,838058900
2015-05-05,6927.600098,1019856100
2015-05-06,6933.700195,883946300
2015-05-07,6887,945024800
2015-05-08,7046.799805,1385914100
2015-05-11,7029.899902,792210200
2015-05-12,6933.799805,839991900
2015-05-13,6949.600098,795743700
2015-05-14,6973,603503300
2015-05-15,6960.5,703827400
2015-05-18,6968.899902,614216300
2015-05-19,6995.100098,778022500
2015-05-20,7007.299805,825148300
2015-05-21,7013.5,565597600
2015-05-22,7031.700195,621811200
2015-05-26,6949,672679700
2015-05-27,7033.299805,648739500
2015-05-28,7040.899902,606689900
2015-05-29,6984.399902,1177305700
2015-06-01,6953.600098,694968900
2015-06-02,6928.299805,864607700
2015-06-03,6950.5,701168000
2015-06-04,6859.200195,783604900
2015-06-05,6804.600098,754508500
2015-06-08,6790,539187300
2015-06-09,6753.799805,682109200
2015-06-10,6830.299805,818584900
2015-06-11,6846.700195,678574100
2015-06-12,6784.899902,592427400
2015-06-15,6710.5,557004700
2015-06-16,6710.100098,718299200
2015-06-17,6680.600098,685273800
2015-06-18,6707.899902,773442100
2015-06-19,6710.5,1273130400
2015-06-22,6825.700195,749484400
2015-06-23,6834.899902,580137000
2015-06-24,6844.799805,668257700
2015-06-25,6807.799805,655333800
2015-06-26,6753.700195,597278600
2015-06-29,6620.5,762752000
2015-06-30,6521,882243000
2015-07-01,6608.600098,789588400
2015-07-02,6630.5,590421700
2015-07-03,6585.799805,448998200
2015-07-06,6535.700195,610644900
2015-07-07,6432.200195,767758000
2015-07-08,6490.700195,913111000
2015-07-09,6581.600098,764973200
2015-07-10,6673.399902,699409100
2015-07-13,6738,643184300
2015-07-14,6753.799805,595318500
2015-07-15,6753.799805,549549300
2015-07-16,6796.5,587458400
2015-07-17,6775.100098,584213200
2015-07-20,6788.700195,419532500
2015-07-21,6769.100098,556304800
2015-07-22,6667.299805,693476700
2015-07-23,6655,632287000
2015-07-24,6579.799805,644793200
2015-07-27,6505.100098,678322600
2015-07-28,6555.299805,709236100
2015-07-29,6631,820041700
2015-07-30,6668.899902,778087100
2015-07-31,6696.299805,958422600
2015-08-03,6688.600098,679885300
2015-08-04,6686.600098,1399430100
2015-08-05,6752.399902,847270800
2015-08-06,6747.100098,691613500
2015-08-07,6718.5,595585900
2015-08-10,6736.200195,765478700
2015-08-11,6664.5,727572100
2015-08-12,6571.200195,1085554700
2015-08-13,6568.299805,668900300
2015-08-14,6550.700195,577612000
2015-08-17,6550.299805,471278500
2015-08-18,6526.299805,538348700
2015-08-19,6403.5,699446800
2015-08-20,6367.899902,728564100
2015-08-21,6187.700195,807243600
2015-08-24,5898.899902,1657266300
2015-08-25,6081.299805,1335924300
2015-08-26,5979.200195,991933700
2015-08-27,6192,1028065800
2015-08-28,6247.899902,868831700
2015-09-01,6058.5,1001128800
2015-09-02,6083.299805,769181300
2015-09-03,6194.100098,735720100
2015-09-04,6042.899902,743172100
2015-09-07,6074.5,464760500
2015-09-08,6146.100098,664577700
2015-09-09,6229,734267900
2015-09-10,6155.799805,749536800
2015-09-11,6117.799805,584620900
2015-09-14,6084.600098,598665000
2015-09-15,6137.600098,706522000
2015-09-16,6229.200195,818994800
2015-09-17,6187,836839300
2015-09-18,6104.100098,1508172800
2015-09-21,6108.700195,697537600
2015-09-22,5935.799805,941657100
2015-09-23,6032.200195,725707700
2015-09-24,5961.5,867489200
2015-09-25,6109,837519200
2015-09-28,5958.899902,968395200
2015-09-29,5909.200195,1000021900
2015-09-30,6061.600098,1018944000
2015-10-01,6072.5,847372200
2015-10-02,6130,861807200
2015-10-05,6298.899902,863396300
2015-10-06,6326.200195,737901800
2015-10-07,6336.399902,985472100
2015-10-08,6374.799805,720040900
2015-10-09,6416.200195,745150000
2015-10-12,6371.200195,535951300
2015-10-13,6342.299805,700891400
2015-10-14,6269.600098,638445300
2015-10-15,6338.700195,644982700
2015-10-16,6378,592309300
2015-10-19,6352.299805,476841500
2015-10-20,6345.100098,574547000
2015-10-21,6348.399902,596747600
2015-10-22,6376.299805,718398200
2015-10-23,6444.100098,749535500
2015-10-26,6417,441044400
2015-10-27,6365.299805,564355600
2015-10-28,6437.799805,819718100
2015-10-29,6395.799805,826622300
2015-10-30,6361.100098,716340400
2015-11-02,6361.799805,506603500
2015-11-03,6383.600098,608961200
2015-11-04,6412.899902,759872100
2015-11-05,6364.899902,722038900
2015-11-06,6353.799805,711572600
2015-11-09,6295.200195,658685600
2015-11-10,6275.299805,725649900
2015-11-11,6297.200195,618113900
2015-11-12,6178.700195,826908500
2015-11-13,6118.299805,681574100
2015-11-16,6146.399902,602945000
2015-11-17,6268.799805,697486200
2015-11-18,6279,615094500
2015-11-19,6329.899902,752196900
2015-11-20,6334.600098,808632500
2015-11-23,6305.5,585321500
2015-11-24,6277.200195,854059000
2015-11-25,6337.600098,673258600
2015-11-26,6393.100098,453793700
2015-11-27,6375.200195,471764000
2015-11-30,6356.100098,834458200
2015-12-01,6395.700195,784743400
2015-12-02,6420.899902,566098900
2015-12-03,6275,793356800
2015-12-04,6238.299805,662790200
2015-12-07,6223.5,542255600
2015-12-08,6135.200195,790574400
2015-12-09,6126.700195,751852900
2015-12-10,6088.100098,838093600
2015-12-11,5952.799805,805984900
2015-12-14,5874.100098,781019600
2015-12-15,6017.799805,811231700
2015-12-16,6061.200195,750664600
2015-12-17,6102.5,725125100
2015-12-18,6052.399902,1234966800
2015-12-21,6034.799805,545001400
2015-12-22,6083.100098,424323400
2015-12-23,6241,578630000
2015-12-24,6254.600098,108851800
2015-12-29,6314.600098,448441700
2015-12-30,6274.100098,327817500
2015-12-31,6242.299805,161427100
2016-01-04,6093.399902,686232700
2016-01-05,6137.200195,624070800
2016-01-06,6073.399902,699957700
2016-01-07,5954.100098,1054315500
2016-01-08,5912.399902,809964200
2016-01-11,5871.799805,817313600
2016-01-12,5929.200195,806737100
2016-01-13,5961,809502200
2016-01-14,5918.200195,1067078800
2016-01-15,5804.100098,1084338100
2016-01-18,5779.899902,718879400
2016-01-19,5876.799805,808697900
2016-01-20,5673.600098,1035052400
2016-01-21,5773.799805,1089335700
2016-01-22,5900,879968100
2016-01-25,5877,803777200
2016-01-26,5911.5,852296000
2016-01-27,5990.399902,875026000
2016-01-28,5931.799805,892436800
2016-01-29,6083.799805,988153400
2016-02-01,6060.100098,808643200
2016-02-02,5922,986962800
2016-02-03,5837.100098,996202200
2016-02-04,5898.799805,1021666600
2016-02-05,5848.100098,954158300
2016-02-08,5689.399902,995838800
2016-02-09,5632.200195,1146904600
2016-02-10,5672.299805,994634100
2016-02-11,5537,1068310100
2016-02-12,5707.600098,1083597100
2016-02-15,5824.299805,724655800
2016-02-16,5862.200195,771095900
2016-02-17,6030.299805,948753000
2016-02-18,5972,809867000
2016-02-19,5950.200195,692901300
2016-02-22,6037.700195,822107000
2016-02-23,5962.299805,747386200
2016-02-24,5867.200195,834682500
2016-02-25,6012.799805,999956900
2016-02-26,6096,858937600
2016-02-29,6097.100098,941705500
2016-03-01,6152.899902,933626200
2016-03-02,6147.100098,904552300
2016-03-03,6130.5,902840400
2016-03-04,6199.399902,866051300
2016-03-07,6182.399902,817955900
2016-03-08,6125.399902,913517000
2016-03-09,6146.299805,758331300
2016-03-10,6036.700195,1056246900
2016-03-11,6139.799805,721703700
2016-03-14,6174.600098,688585100
2016-03-15,6140,700313300
2016-03-16,6175.5,700761300
2016-03-17,6201.100098,832614900
2016-03-18,6189.600098,1129194800
2016-03-21,6184.600098,532073700
2016-03-22,6192.700195,738984400
2016-03-23,6199.100098,621495500
2016-03-24,6106.5,625282200
2016-03-29,6105.899902,596325500
2016-03-30,6203.200195,803811000
2016-03-31,6174.899902,746399600
2016-04-01,6146.100098,747479000
2016-04-04,6164.700195,546684700
2016-04-05,6091.200195,826023000
2016-04-06,6161.600098,738661300
2016-04-07,6136.899902,761729900
2016-04-08,6204.399902,622127800
2016-04-11,6200.100098,552586500
2016-04-12,6242.399902,690137700
2016-04-13,6362.899902,957136100
2016-04-14,6365.100098,853106400
2016-04-15,6343.799805,780841700
2016-04-18,6353.5,594992600
2016-04-19,6405.399902,808478400
2016-04-20,6410.299805,814753100
2016-04-21,6381.399902,831612200
2016-04-22,6310.399902,675930800
2016-04-25,6260.899902,688678400
2016-04-26,6284.5,776825800
2016-04-27,6319.899902,822361600
2016-04-28,6322.399902,861757000
2016-04-29,6241.899902,865553800
2016-05-03,6185.600098,869478400
2016-05-04,6112,775563200
2016-05-05,6117.299805,713231200
2016-05-06,6125.700195,698735000
2016-05-09,6114.799805,669494900
2016-05-10,6156.700195,652991800
2016-05-11,6162.5,573062300
2016-05-12,6104.200195,698762400
2016-05-13,6138.5,646363000
2016-05-16,6151.399902,445329500
2016-05-17,6167.799805,758810700
2016-05-18,6165.799805,887529400
2016-05-19,6053.399902,936494700
2016-05-20,6156.299805,780582600
2016-05-23,6136.399902,653011400
2016-05-24,6219.299805,833810600
2016-05-25,6262.899902,870436700
2016-05-26,6265.700195,665573200
2016-05-27,6270.799805,559788200
2016-05-31,6230.799805,1329032900
2016-06-01,6191.899902,887239300
2016-06-02,6185.600098,892214700
2016-06-03,6209.600098,640902800
2016-06-06,6273.399902,732583800
2016-06-07,6284.5,690004500
2016-06-08,6301.5,643216300
2016-06-09,6231.899902,668485600
2016-06-10,6115.799805,725887400
2016-06-13,6045,827452100
2016-06-14,5923.5,954027400
2016-06-15,5966.799805,856010000
2016-06-16,5950.5,791476800
2016-06-17,6021.100098,1274460400
2016-06-20,6204,979119000
2016-06-21,6226.600098,816749300
2016-06-22,6261.200195,858110900
2016-06-23,6338.100098,887921000
2016-06-24,6138.700195,3761301300
2016-06-27,5982.200195,2430429000
2016-06-28,6140.399902,1545515100
2016-06-29,6360.100098,1458617500
2016-06-30,6504.299805,1515147700
2016-07-01,6577.799805,1066211600
2016-07-04,6522.299805,748239600
2016-07-05,6545.399902,1142087300
2016-07-06,6463.600098,1566032200
2016-07-07,6533.799805,1017465800
2016-07-08,6590.600098,909700100
2016-07-11,6682.899902,939285500
2016-07-12,6680.700195,1130427300
2016-07-13,6670.399902,1028320400
2016-07-14,6654.5,896411400
2016-07-15,6669.200195,814067900
2016-07-18,6695.399902,851731500
2016-07-19,6697.399902,615693000
2016-07-20,6729,744699200
2016-07-21,6699.899902,785375100
2016-07-22,6730.5,694731500
2016-07-25,6710.100098,661596700
2016-07-26,6724,715629500
2016-07-27,6750.399902,762916700
2016-07-28,6721.100098,1204906600
2016-07-29,6724.399902,896711900
2016-08-01,6694,705878400
2016-08-02,6645.399902,797367100
2016-08-03,6634.399902,773167000
2016-08-04,6740.200195,975076700
2016-08-05,6793.5,854685300
2016-08-08,6809.100098,731849100
2016-08-09,6851.299805,843228100
2016-08-10,6866.399902,714543400
2016-08-11,6914.700195,735360000
2016-08-12,6916,666188200
2016-08-15,6941.200195,534981000
2016-08-16,6893.899902,624313400
2016-08-17,6859.200195,694905300
2016-08-18,6869,562282600
2016-08-19,6859,682389000
2016-08-22,6828.5,598174100
2016-08-23,6868.5,714675900
2016-08-24,6835.799805,725713700
2016-08-25,6816.899902,637936600
2016-08-26,6838.100098,516535900
2016-08-30,6820.799805,721583800
2016-08-31,6781.5,914533800
2016-09-01,6746,962003800
2016-09-02,6894.600098,1148353400
2016-09-05,6879.399902,556659100
2016-09-06,6826.100098,666479900
2016-09-07,6846.600098,910691300
2016-09-08,6858.700195,784127900
2016-09-09,6777,768674900
2016-09-12,6700.899902,861327100
2016-09-13,6665.600098,839927300
2016-09-14,6673.299805,676448700
2016-09-15,6730.299805,747305800
2016-09-16,6710.299805,1346126200
2016-09-19,6813.600098,685155700
2016-09-20,6830.799805,695070600
2016-09-21,6834.799805,700988900
2016-09-22,6911.399902,733328200
2016-09-23,6909.399902,738083700
2016-09-26,6818,772058900
2016-09-27,6807.700195,822515600
2016-09-28,6849.399902,735753900
2016-09-29,6919.399902,833301000
2016-09-30,6899.299805,1148617200
2016-10-03,6983.5,723046300
2016-10-04,7074.299805,1411305400
2016-10-05,7033.299805,941050600
2016-10-06,7000,796980200
2016-10-07,7044.399902,1359993500
2016-10-10,7097.5,848672800
2016-10-11,7070.899902,954215200
2016-10-12,7024,910363500
2016-10-13,6977.700195,1010365100
2016-10-14,7013.600098,846003100
2016-10-17,6947.600098,705888600
2016-10-18,7000.100098,795838600
2016-10-19,7021.899902,798401200
2016-10-20,7026.899902,819201600
2016-10-21,7020.5,735110600
2016-10-24,6986.399902,657275100
2016-10-25,7017.600098,836098700
2016-10-26,6958.100098,911701300
2016-10-27,6986.600098,932928900
2016-10-28,6996.299805,927919200
2016-10-31,6954.200195,786510100
2016-11-01,6917.100098,757445500
2016-11-02,6845.399902,773904700
2016-11-03,6790.5,1051387600
2016-11-04,6693.299805,875842600
2016-11-07,6806.899902,862189600
2016-11-08,6843.100098,807294400
2016-11-09,6911.799805,1364332200
2016-11-10,6828,1691621700
2016-11-11,6730.399902,1079211900
2016-11-14,6753.200195,1053182100
2016-11-15,6792.700195,1123112200
2016-11-16,6749.700195,850998000
2016-11-17,6794.700195,826252500
2016-11-18,6775.799805,866734900
2016-11-21,6778,781736600
2016-11-22,6819.700195,896754300
2016-11-23,6817.700195,773975400
2016-11-24,6829.200195,491417000
2016-11-25,6840.799805,477578100
2016-11-28,6799.5,688383900
2016-11-29,6772,772231500
2016-11-30,6783.799805,1331987200
2016-12-01,6752.899902,938011500
2016-12-02,6730.700195,687199300
2016-12-05,6746.799805,790521700
2016-12-06,6779.799805,845397500
2016-12-07,6902.200195,1161379200
2016-12-08,6931.600098,1019417900
2016-12-09,6954.200195,803052200
2016-12-12,6890.399902,917840600
2016-12-13,6968.600098,905452400
2016-12-14,6949.200195,971286400
2016-12-15,6999,1064458500
2016-12-16,7011.600098,1113082800
2016-12-19,7017.200195,626061400
2016-12-20,7044,721985200
2016-12-21,7041.399902,600551300
2016-12-22,7063.700195,468663000
2016-12-23,7068.200195,186159300
2016-12-28,7106.100098,470755300
2016-12-29,7120.299805,383620400
2016-12-30,7142.799805,316700000
2017-01-03,7177.899902,795658400
2017-01-04,7189.700195,742050400
2017-01-05,7195.299805,768721000
2017-01-06,7210.100098,694323700
2017-01-09,7237.799805,705536400
2017-01-10,7275.5,933682800
2017-01-11,7290.5,878535700
2017-01-12,7292.399902,831909900
2017-01-13,7337.799805,811899400
2017-01-16,7327.100098,633737000
2017-01-17,7220.399902,879279000
2017-01-18,7247.600098,795536000
2017-01-19,7208.399902,748413500
2017-01-20,7198.399902,819057000
2017-01-23,7151.200195,714162600
2017-01-24,7150.299805,1071108500
2017-01-25,7164.399902,989914700
2017-01-26,7161.5,905662800
2017-01-27,7184.5,876491800
2017-01-30,7118.5,890006700
2017-01-31,7099.200195,959011000
2017-02-01,7107.700195,785299200
2017-02-02,7140.799805,880030800
2017-02-03,7188.299805,786535500
2017-02-06,7172.200195,614802900
2017-02-07,7186.200195,770251300
2017-02-08,7188.799805,935233800
2017-02-09,7229.5,781741400
2017-02-10,7258.799805,875649700
2017-02-13,7278.899902,645414300
2017-02-14,7268.600098,756312200
2017-02-15,7302.399902,716447200
2017-02-16,7277.899902,684054500
2017-02-17,7300,801785200
2017-02-20,7299.899902,635938500
2017-02-21,7274.799805,896954200
2017-02-22,7302.299805,1146291800
2017-02-23,7271.399902,1065322800
2017-02-24,7243.700195,855350300
2017-02-27,7253,831112100
2017-02-28,7263.399902,981918400
2017-03-01,7382.899902,1035866400
2017-03-02,7382.399902,927106800
2017-03-03,7374.299805,850603100
2017-03-06,7350.100098,738066600
2017-03-07,7339,844760300
2017-03-08,7334.600098,866234700
2017-03-09,7315,1045803400
2017-03-10,7343.100098,919722100
2017-03-13,7367.100098,687295500
2017-03-14,7357.899902,842511400
2017-03-15,7368.600098,833084500
2017-03-16,7416,1082219200
2017-03-17,7425,1516668800
2017-03-20,7429.799805,611042100
2017-03-21,7378.299805,846963600
2017-03-22,7324.700195,904591800
2017-03-23,7340.700195,786539600
2017-03-24,7336.799805,633190500
2017-03-27,7293.5,779235000
2017-03-28,7343.399902,791143500
2017-03-29,7373.700195,779343400
2017-03-30,7369.5,760967600
2017-03-31,7322.899902,957012600
2017-04-03,7282.700195,746218600
2017-04-04,7321.799805,786153000
2017-04-05,7331.700195,749886800
2017-04-06,7303.200195,887193100
2017-04-07,7349.399902,780587700
2017-04-10,7348.899902,668786200
2017-04-11,7365.5,796050600
2017-04-12,7349,888411200
2017-04-13,7327.600098,715928200
2017-04-18,7147.5,1039110900
2017-04-19,7114.399902,1018754400
2017-04-20,7118.5,830708700
2017-04-21,7114.600098,896918700
2017-04-24,7264.700195,1027266000
2017-04-25,7275.600098,835369300
2017-04-26,7288.700195,860455200
2017-04-27,7237.200195,1094741200
2017-04-28,7203.899902,1148718800
2017-05-02,7250.100098,910924000
2017-05-03,7234.5,766336200
2017-05-04,7248.100098,918713600
2017-05-05,7297.399902,881277700
2017-05-08,7300.899902,716672700
2017-05-09,7342.200195,707206200
2017-05-10,7385.200195,822815300
2017-05-11,7386.600098,956757900
2017-05-12,7435.399902,852716600
2017-05-15,7454.399902,831966500
2017-05-16,7522,1010009800
2017-05-17,7503.5,989995900
2017-05-18,7436.399902,981827100
2017-05-19,7470.700195,820231400
2017-05-22,7496.299805,672758000
2017-05-23,7485.299805,678940100
2017-05-24,7514.899902,823078300
2017-05-25,7517.700195,620554600
2017-05-26,7547.600098,773534000
2017-05-30,7526.5,737736400
2017-05-31,7520,1864745500
2017-06-01,7543.799805,859764100
2017-06-02,7547.600098,799553200
2017-06-05,7525.799805,606693000
2017-06-06,7525,842102100
2017-06-07,7478.600098,874514700
2017-06-08,7450,867765500
2017-06-09,7527.299805,1079740000
2017-06-12,7511.899902,691742100
2017-06-13,7500.399902,759155200
2017-06-14,7474.399902,943048700
2017-06-15,7419.399902,985057200
2017-06-16,7463.5,1889237700
2017-06-19,7523.799805,551165300
2017-06-20,7472.700195,1005340300
2017-06-21,7447.799805,843652400
2017-06-22,7439.299805,789287000
2017-06-23,7424.100098,608960600
2017-06-26,7446.799805,702710000
2017-06-27,7434.399902,704817400
2017-06-28,7387.799805,833666400
2017-06-29,7350.299805,930392000
2017-06-30,7312.700195,978353300
2017-07-03,7377.100098,704804300
2017-07-04,7357.200195,597565700
2017-07-05,7367.600098,924489500
2017-07-06,7337.299805,767506100
2017-07-07,7350.899902,670643200
2017-07-10,7370,597132300
2017-07-11,7329.799805,662989700
2017-07-12,7416.899902,796874200
2017-07-13,7413.399902,941748000
2017-07-14,7378.399902,827118400
2017-07-17,7404.100098,595711600
2017-07-18,7390.200195,615471900
2017-07-19,7430.899902,640610900
2017-07-20,7487.899902,706242700
2017-07-21,7452.899902,701091300
2017-07-24,7377.700195,1074177600
2017-07-25,7434.799805,774939600
2017-07-26,7452.299805,751804200
2017-07-27,7443,982531200
2017-07-28,7368.399902,798028700
2017-07-31,7372,898503100
2017-08-01,7423.700195,718389600
2017-08-02,7411.399902,709413000
2017-08-03,7474.799805,795756800
2017-08-04,7511.700195,753461700
2017-08-07,7531.899902,613223700
2017-08-08,7542.700195,597542000
2017-08-09,7498.100098,779812300
2017-08-10,7389.899902,713176100
2017-08-11,7310,744594900
2017-08-14,7353.899902,536696000
2017-08-15,7383.899902,495314400
2017-08-16,7433,568676900
2017-08-17,7387.899902,576511200
2017-08-18,7324,719309100
2017-08-21,7318.899902,536324300
2017-08-22,7381.700195,656086900
2017-08-23,7382.700195,593602900
2017-08-24,7407.100098,734674100
2017-08-25,7401.5,498099600
2017-08-29,7337.399902,734574500
2017-08-30,7365.299805,666133700
2017-08-31,7430.600098,761338600
2017-09-01,7438.5,536515100
2017-09-04,7411.5,389133300
2017-09-05,7372.899902,541337100
2017-09-06,7354.100098,676234700
2017-09-07,7397,643758300
2017-09-08,7377.600098,600535800
2017-09-11,7413.600098,614926800
2017-09-12,7400.700195,745693800
2017-09-13,7379.700195,844049500
2017-09-14,7295.399902,1221676900
2017-09-15,7215.5,1416161300
2017-09-18,7253.299805,712298700
2017-09-19,7275.299805,773526900
2017-09-20,7272,770407100
2017-09-21,7263.899902,786845200
2017-09-22,7310.600098,625557800
2017-09-25,7301.299805,584594700
2017-09-26,7285.700195,686442500
2017-09-27,7313.5,832249800
2017-09-28,7322.799805,725911000
2017-09-29,7372.799805,728387400
2017-10-02,7438.799805,864401100
2017-10-03,7468.100098,697184200
2017-10-04,7467.600098,916914900
2017-10-05,7508,756132200
2017-10-06,7522.899902,673882500
2017-10-09,7507.899902,675841500
2017-10-10,7538.299805,797063500
2017-10-11,7533.799805,1212434400
2017-10-12,7556.200195,701114100
2017-10-13,7535.399902,666480800
2017-10-16,7527,715914400
2017-10-17,7516.200195,1003303400
2017-10-18,7542.899902,626374800
2017-10-19,7523,806162200
2017-10-20,7523.200195,732296700
2017-10-23,7524.5,548853900
2017-10-24,7526.5,657035000
2017-10-25,7447.200195,894719200
2017-10-26,7486.5,988569400
2017-10-27,7505,844552500
2017-10-30,7487.799805,727471900
2017-10-31,7493.100098,708732700
2017-11-01,7488,1172721000
2017-11-02,7555.299805,1002706700
2017-11-03,7560.399902,652248400
2017-11-06,7562.299805,615052400
2017-11-07,7513.100098,731355900
2017-11-08,7529.700195,784072500
2017-11-09,7484.100098,834887900
2017-11-10,7433,673856600
2017-11-13,7415.200195,745139300
2017-11-14,7414.399902,1141147200
2017-11-15,7372.600098,891890700
2017-11-16,7386.899902,898881100
2017-11-17,7380.700195,710733600
2017-11-20,7389.5,716131100
2017-11-21,7411.299805,730690300
2017-11-22,7419,834065800
2017-11-23,7417.200195,560163700
2017-11-24,7409.600098,545037100
2017-11-27,7383.899902,636742900
2017-11-28,7460.700195,917737600
2017-11-29,7393.600098,1085338600
2017-11-30,7326.700195,1338402400
2017-12-01,7300.5,839825500
2017-12-04,7339,745259400
2017-12-05,7327.5,881831300
2017-12-06,7348,672957500
2017-12-07,7320.799805,803178700
2017-12-08,7394,1004623500
2017-12-11,7453.5,906705100
2017-12-12,7500.399902,991599100
2017-12-13,7496.5,998682800
2017-12-14,7448.100098,948434600
2017-12-15,7490.600098,1182118000
2017-12-18,7537,568259400
2017-12-19,7544.100098,675779500
2017-12-20,7525.200195,659315600
2017-12-21,7604,621347000
2017-12-22,7592.700195,243831300
2017-12-27,7620.700195,458380900
2017-12-28,7622.899902,311875400
2017-12-29,7687.799805,289238900
2018-01-02,7648.100098,576251800
2018-01-03,7671.100098,571662800
2018-01-04,7695.899902,705864000
2018-01-05,7724.200195,636035700
2018-01-08,7696.5,635135400
2018-01-09,7731,709674500
2018-01-10,7748.5,861758600
2018-01-11,7762.899902,982791800
2018-01-12,7778.600098,1133867000
2018-01-15,7769.100098,551904700
2018-01-16,7755.899902,824367900
2018-01-17,7725.399902,822508200
2018-01-18,7701,765527900
2018-01-19,7730.799805,795594100
2018-01-22,7715.399902,730171300
2018-01-23,7731.799805,742420200
2018-01-24,7643.399902,746643300
2018-01-25,7615.799805,713251600
2018-01-26,7665.5,713831300
2018-01-29,7671.5,612924000
2018-01-30,7588,798999000
2018-01-31,7533.600098,880751700
2018-02-01,7490.399902,872509100
2018-02-02,7443.399902,871574000
2018-02-05,7335,888994600
2018-02-06,7141.399902,1354591000
2018-02-07,7279.399902,1027400300
2018-02-08,7170.700195,973611300
2018-02-09,7092.399902,927291900
2018-02-12,7177.100098,718740600
2018-02-13,7168,718988800
2018-02-14,7214,940537000
2018-02-15,7234.799805,747830200
2018-02-16,7294.700195,651756200
2018-02-19,7247.700195,511199000
2018-02-20,7246.799805,679057900
2018-02-21,7281.600098,902872700
2018-02-22,7252.399902,926221400
2018-02-23,7244.399902,674864300
2018-02-26,7289.600098,585774600
2018-02-27,7282.5,718147000
2018-02-28,7231.899902,919954800
2018-03-01,7175.600098,859756500
2018-03-02,7069.899902,910442200
2018-03-05,7116,941867700
2018-03-06,7146.799805,786141900
2018-03-07,7157.799805,862383600
2018-03-08,7203.200195,712676800
2018-03-09,7224.5,651119000
2018-03-12,7214.799805,613077900
2018-03-13,7138.799805,766738500
2018-03-14,7132.700195,752181500
2018-03-15,7139.799805,808062300
2018-03-16,7164.100098,1380663300
2018-03-19,7042.899902,728214400
2018-03-20,7061.299805,742142200
2018-03-21,7039,762202300
2018-03-22,6952.600098,861231600
2018-03-23,6921.899902,879273700
2018-03-26,6888.700195,765318100
2018-03-27,7000.100098,690975500
2018-03-28,7044.700195,763193100
2018-03-29,7056.600098,876227900
2018-04-03,7030.5,790532700
2018-04-04,7034,794337900
2018-04-05,7199.5,794899100
2018-04-06,7183.600098,656250500
2018-04-09,7194.799805,671088200
2018-04-10,7266.799805,755081700
2018-04-11,7257.100098,766200800
2018-04-12,7258.299805,666773400
2018-04-13,7264.600098,662868400
2018-04-16,7198.200195,862881700
2018-04-17,7226.100098,714046100
2018-04-18,7317.299805,877056200
2018-04-19,7328.899902,788416300
2018-04-20,7368.200195,769512800
2018-04-23,7398.899902,777571800
2018-04-24,7425.399902,836399400
2018-04-25,7379.299805,879795200
2018-04-26,7421.399902,814899700
2018-04-27,7502.200195,750485000
2018-04-30,7509.299805,991178200
2018-05-01,7520.399902,567569600
2018-05-02,7543.200195,829699300
2018-05-03,7502.700195,723643100
2018-05-04,7567.100098,880646600
2018-05-08,7565.799805,876829900
2018-05-09,7662.5,891351200
2018-05-10,7701,878774100
2018-05-11,7724.600098,731924200
2018-05-14,7711,749899600
2018-05-15,7723,1027698700
2018-05-16,7734.200195,933498300
2018-05-17,7788,781296600
2018-05-18,7778.799805,899946200
2018-05-21,7859.200195,691927400
2018-05-22,7877.5,807636300
2018-05-23,7788.399902,918822700
2018-05-24,7716.700195,890463600
2018-05-25,7730.299805,844360200
2018-05-29,7632.600098,1288493000
2018-05-30,7689.600098,923820700
2018-05-31,7678.200195,1549063100
2018-06-01,7701.799805,783469400
2018-06-04,7741.299805,722966000
2018-06-05,7686.799805,933666200
2018-06-06,7712.399902,884617800
2018-06-07,7704.399902,1056744900
2018-06-08,7681.100098,755489900
2018-06-11,7737.399902,736070400
2018-06-12,7703.799805,773837800
2018-06-13,7703.700195,852427100
2018-06-14,7765.799805,1119081700
2018-06-15,7633.899902,1711560200
2018-06-18,7631.299805,664167900
2018-06-19,7603.899902,897872000
2018-06-20,7627.399902,844000100
2018-06-21,7556.399902,777562300
2018-06-22,7682.299805,716273100
2018-06-25,7509.799805,791358000
2018-06-26,7537.899902,1088107300
2018-06-27,7621.700195,1643638600
2018-06-28,7615.600098,790762300
2018-06-29,7636.899902,898931000
2018-07-02,7547.899902,778437000
2018-07-03,7593.299805,1015952400
2018-07-04,7573.100098,574163100
2018-07-05,7603.200195,614456600
2018-07-06,7617.700195,663475300
2018-07-09,7688,676761100
2018-07-10,7692,701511200
2018-07-11,7592,793208100
2018-07-12,7651.299805,746183900
2018-07-13,7661.899902,574401200
2018-07-16,7600.5,591161000
2018-07-17,7626.299805,724367500
2018-07-18,7676.299805,651377100
2018-07-19,7684,695398600
2018-07-20,7678.799805,685061200
2018-07-23,7655.799805,573514400
2018-07-24,7709.100098,852532800
2018-07-25,7658.299805,677528100
2018-07-26,7663.200195,588851200
2018-07-27,7701.299805,765238000
2018-07-30,7700.899902,732990700
2018-07-31,7748.799805,915075400
2018-08-01,7652.899902,975009600
2018-08-02,7575.899902,1006803400
2018-08-03,7659.100098,649947700
2018-08-06,7663.799805,813731500
2018-08-07,7718.5,675716300
2018-08-08,7776.700195,604063500
2018-08-09,7741.799805,565689200
2018-08-10,7667,664153400
2018-08-13,7642.5,595242100
2018-08-14,7611.600098,763645300
2018-08-15,7497.899902,967014400
2018-08-16,7556.399902,771423800
2018-08-17,7558.600098,602739600
2018-08-20,7591.299805,559541000
2018-08-21,7565.700195,543548500
2018-08-22,7574.200195,611259200
2018-08-23,7563.200195,574932100
2018-08-24,7577.5,507869800
2018-08-28,7617.200195,585715100
2018-08-29,7563.200195,688677800
2018-08-30,7516,623166000
2018-08-31,7432.399902,812932000
2018-09-03,7504.600098,455166900
2018-09-04,7457.899902,652803100
2018-09-05,7383.299805,769494800
2018-09-06,7319,723693100
2018-09-07,7277.700195,863004900
2018-09-10,7279.299805,696321800
2018-09-11,7273.5,644115800
2018-09-12,7313.399902,677165600
2018-09-13,7281.600098,660719700
2018-09-14,7304,577288900
2018-09-17,7302.100098,620997300
2018-09-18,7300.200195,700366200
2018-09-19,7331.100098,762448100
2018-09-20,7367.299805,864910500
2018-09-21,7490.200195,1504423700
2018-09-24,7458.399902,689612600
2018-09-25,7507.600098,767955100
2018-09-26,7511.5,672358800
2018-09-27,7545.399902,646428000
2018-09-28,7510.200195,915815000
2018-10-01,7495.700195,728276800
2018-10-02,7474.600098,817840400
2018-10-03,7510.299805,824628100
2018-10-04,7418.299805,801963200
2018-10-05,7318.5,743757800
2018-10-08,7233.299805,675287300
2018-10-09,7237.600098,765996800
2018-10-10,7145.700195,1029488500
2018-10-11,7006.899902,1172373200
2018-10-12,6995.899902,876577500
2018-10-15,7029.200195,657640100
2018-10-16,7059.399902,766800500
2018-10-17,7054.600098,685937100
2018-10-18,7027,672072000
2018-10-19,7049.799805,793925800
2018-10-22,7042.799805,784032400
2018-10-23,6955.200195,983305900
2018-10-24,6963,778187100
2018-10-25,7004.100098,831568200
2018-10-26,6939.600098,779028300
2018-10-29,7026.299805,780563900
2018-10-30,7035.899902,751498500
2018-10-31,7128.100098,895391200
2018-11-01,7114.700195,1024684600
2018-11-02,7094.100098,800219300
2018-11-05,7103.799805,553382600
2018-11-06,7040.700195,646543100
2018-11-07,7117.299805,678581300
2018-11-08,7140.700195,676867200
2018-11-09,7105.299805,652724100
2018-11-12,7053.100098,708713400
2018-11-13,7053.799805,1048825300
2018-11-14,7033.799805,925587100
2018-11-15,7038,1257540400
2018-11-16,7013.899902,1010040200
2018-11-19,7000.899902,776442400
2018-11-20,6947.899902,826183700
2018-11-21,7050.200195,841306700
2018-11-22,6960.299805,763217400
2018-11-23,6952.899902,686823000
2018-11-26,7036,802145500
2018-11-27,7016.899902,829960500
2018-11-28,7004.5,800840600
2018-11-29,7039,777115000
2018-11-30,6980.200195,1189062500
2018-12-03,7062.399902,864783000
2018-12-04,7022.799805,822570700
2018-12-05,6921.799805,789059300
2018-12-06,6704.100098,1029779500
2018-12-07,6778.100098,819982500
2018-12-10,6721.5,864359000
2018-12-11,6806.899902,841263500
2018-12-12,6880.200195,1063865300
2018-12-13,6877.5,735372600
2018-12-14,6845.200195,714141000
2018-12-17,6773.200195,734851100
2018-12-18,6701.600098,855040800
2018-12-19,6765.899902,754065600
2018-12-20,6711.899902,903273100
2018-12-21,6721.200195,1596669300
2018-12-24,6686,192808000
2018-12-27,6584.700195,590127000
2018-12-28,6734,499812000
2018-12-31,6728.100098,225303900
