"ref.date","price.close"
2010-01-04,70045
2010-01-05,70240
2010-01-06,70729
2010-01-07,70451
2010-01-08,70263
2010-01-11,70433
2010-01-12,70076
2010-01-13,70385
2010-01-14,69801
2010-01-15,68978
2010-01-18,69401
2010-01-19,69909
2010-01-20,68200
2010-01-21,66270
2010-01-22,66220
2010-01-26,65524
2010-01-27,65070
2010-01-28,65588
2010-01-29,65402
2010-02-01,66572
2010-02-02,67163
2010-02-03,67109
2010-02-04,63934
2010-02-05,62763
2010-02-08,63153
2010-02-09,64718
2010-02-10,65051
2010-02-11,66129
2010-02-12,65855
2010-02-17,67285
2010-02-18,67836
2010-02-19,67597
2010-02-22,67184
2010-02-23,66108
2010-02-24,65795
2010-02-25,66121
2010-02-26,66503
2010-03-01,67228
2010-03-02,67779
2010-03-03,67641
2010-03-04,67815
2010-03-05,68847
2010-03-08,68575
2010-03-09,69576
2010-03-10,69979
2010-03-11,69885
2010-03-12,69341
2010-03-15,69024
2010-03-16,69942
2010-03-17,69723
2010-03-18,69697
2010-03-19,68829
2010-03-22,69042
2010-03-23,69387
2010-03-24,68913
2010-03-25,68442
2010-03-26,68683
2010-03-29,69939
2010-03-30,69960
2010-03-31,70372
2010-04-01,71136
2010-04-05,71290
2010-04-06,71096
2010-04-07,70793
2010-04-08,71785
2010-04-09,71417
2010-04-12,70614
2010-04-13,70792
2010-04-14,71035
2010-04-15,70524
2010-04-16,69421
2010-04-19,69098
2010-04-20,69318
2010-04-22,69386
2010-04-23,69509
2010-04-26,68872
2010-04-27,66511
2010-04-28,66656
2010-04-29,67978
2010-04-30,67530
2010-05-03,67119
2010-05-04,64869
2010-05-05,64914
2010-05-06,63414
2010-05-07,62871
2010-05-10,65453
2010-05-11,64425
2010-05-12,65224
2010-05-13,64788
2010-05-14,63412
2010-05-17,62866
2010-05-18,60841
2010-05-19,59689
2010-05-20,58192
2010-05-21,60259
2010-05-24,59915
2010-05-25,59184
2010-05-26,60190
2010-05-27,62092
2010-05-28,61947
2010-05-31,63047
2010-06-01,61841
2010-06-02,62943
2010-06-04,61676
2010-06-07,61183
2010-06-08,61856
2010-06-09,61479
2010-06-10,63049
2010-06-11,63605
2010-06-14,63533
2010-06-15,64442
2010-06-16,64751
2010-06-17,64541
2010-06-18,64438
2010-06-21,64829
2010-06-22,64811
2010-06-23,65160
2010-06-24,63937
2010-06-25,64824
2010-06-28,64225
2010-06-29,61978
2010-06-30,60936
2010-07-01,61236
2010-07-02,61430
2010-07-05,60865
2010-07-06,62065
2010-07-07,63284
2010-07-08,63476
2010-07-12,62960
2010-07-13,63686
2010-07-14,63479
2010-07-15,63489
2010-07-16,62339
2010-07-19,63297
2010-07-20,64463
2010-07-21,64477
2010-07-22,65748
2010-07-23,66323
2010-07-26,66443
2010-07-27,66674
2010-07-28,66808
2010-07-29,66954
2010-07-30,67515
2010-08-02,68517
2010-08-03,67997
2010-08-04,68272
2010-08-05,68412
2010-08-06,68095
2010-08-09,67862
2010-08-10,67223
2010-08-11,65790
2010-08-12,65966
2010-08-13,66264
2010-08-16,66702
2010-08-17,67584
2010-08-18,67638
2010-08-19,66887
2010-08-20,66677
2010-08-23,65982
2010-08-24,65156
2010-08-25,64803
2010-08-26,63867
2010-08-27,65585
2010-08-30,64261
2010-08-31,65145
2010-09-01,67073
2010-09-02,66808
2010-09-03,66679
2010-09-06,66747
2010-09-08,66407
2010-09-09,66624
2010-09-10,66807
2010-09-13,68031
2010-09-14,67692
2010-09-15,68107
2010-09-16,67663
2010-09-17,67089
2010-09-20,68190
2010-09-21,67719
2010-09-22,68325
2010-09-23,68794
2010-09-24,68196
2010-09-27,68816
2010-09-28,69228
2010-09-29,69228
2010-09-30,69430
2010-10-01,70229
2010-10-04,70385
2010-10-05,71283
2010-10-06,70541
2010-10-07,69918
2010-10-08,70809
2010-10-11,70946
2010-10-13,71675
2010-10-14,71692
2010-10-15,71830
2010-10-18,71736
2010-10-19,69864
2010-10-20,70405
2010-10-21,69652
2010-10-22,69530
2010-10-25,69580
2010-10-26,70740
2010-10-27,70569
2010-10-28,70320
2010-10-29,70673
2010-11-01,71561
2010-11-03,71905
2010-11-04,72996
2010-11-05,72607
2010-11-08,72657
2010-11-09,71679
2010-11-10,71638
2010-11-11,71195
2010-11-12,70367
2010-11-16,69192
2010-11-17,69709
2010-11-18,70781
2010-11-19,70898
2010-11-22,69633
2010-11-23,67953
2010-11-24,69629
2010-11-25,69362
2010-11-26,68226
2010-11-29,67908
2010-11-30,67705
2010-12-01,69346
2010-12-02,69527
2010-12-03,69766
2010-12-06,69552
2010-12-07,69338
2010-12-08,68175
2010-12-09,67879
2010-12-10,68342
2010-12-13,69126
2010-12-14,68743
2010-12-15,67870
2010-12-16,67306
2010-12-17,67981
2010-12-20,67264
2010-12-21,68215
2010-12-22,68471
2010-12-23,68486
2010-12-27,67803
2010-12-28,68041
2010-12-29,68952
2010-12-30,69305
2011-01-03,69962
2011-01-04,70318
2011-01-05,71091
2011-01-06,70579
2011-01-07,70057
2011-01-10,70127
2011-01-11,70423
2011-01-12,71633
2011-01-13,70721
2011-01-14,70940
2011-01-17,70609
2011-01-18,70920
2011-01-19,70058
2011-01-20,69562
2011-01-21,69133
2011-01-24,69427
2011-01-26,68709
2011-01-27,68051
2011-01-28,66698
2011-01-31,66575
2011-02-01,67847
2011-02-02,66688
2011-02-03,66765
2011-02-04,65269
2011-02-07,65362
2011-02-08,65771
2011-02-09,64218
2011-02-10,64578
2011-02-11,65756
2011-02-14,66558
2011-02-15,66341
2011-02-16,67571
2011-02-17,67685
2011-02-18,68067
2011-02-21,67259
2011-02-22,66440
2011-02-23,66910
2011-02-24,66949
2011-02-25,66903
2011-02-28,67383
2011-03-01,66243
2011-03-02,67282
2011-03-03,68146
2011-03-04,68012
2011-03-09,67264
2011-03-10,66041
2011-03-11,66685
2011-03-14,67169
2011-03-15,67005
2011-03-16,66003
2011-03-17,66216
2011-03-18,66880
2011-03-21,66690
2011-03-22,67578
2011-03-23,67796
2011-03-24,67533
2011-03-25,67766
2011-03-28,67193
2011-03-29,67419
2011-03-30,67997
2011-03-31,68587
2011-04-01,69268
2011-04-04,69704
2011-04-05,69838
2011-04-06,69037
2011-04-07,69176
2011-04-08,68718
2011-04-11,68164
2011-04-12,66896
2011-04-13,66486
2011-04-14,66279
2011-04-15,66684
2011-04-18,65415
2011-04-19,66158
2011-04-20,67058
2011-04-25,66972
2011-04-26,67144
2011-04-27,66264
2011-04-28,65673
2011-04-29,66133
2011-05-02,65463
2011-05-03,64318
2011-05-04,63616
2011-05-05,63407
2011-05-06,64417
2011-05-09,64622
2011-05-10,64877
2011-05-11,63776
2011-05-12,64003
2011-05-13,63235
2011-05-16,62830
2011-05-17,63673
2011-05-18,62841
2011-05-19,62367
2011-05-20,62597
2011-05-23,62345
2011-05-24,63337
2011-05-25,63388
2011-05-26,64099
2011-05-27,64295
2011-05-30,63954
2011-05-31,64620
2011-06-01,63411
2011-06-02,64218
2011-06-03,64341
2011-06-06,63068
2011-06-07,63218
2011-06-08,63033
2011-06-09,63469
2011-06-10,62697
2011-06-13,62023
2011-06-14,62205
2011-06-15,61604
2011-06-16,60881
2011-06-17,61060
2011-06-20,61168
2011-06-21,61424
2011-06-22,61194
2011-06-24,61017
2011-06-27,61217
2011-06-28,62303
2011-06-29,62334
2011-06-30,62404
2011-07-01,63394
2011-07-04,63891
2011-07-05,63039
2011-07-06,62565
2011-07-07,62207
2011-07-08,61513
2011-07-11,60224
2011-07-12,59705
2011-07-13,60670
2011-07-14,59679
2011-07-15,59478
2011-07-18,58838
2011-07-19,59082
2011-07-20,59120
2011-07-21,60263
2011-07-22,60270
2011-07-25,59971
2011-07-26,59340
2011-07-27,58288
2011-07-28,58708
2011-07-29,58823
2011-08-01,58536
2011-08-02,57311
2011-08-03,56017
2011-08-04,52811
2011-08-05,52949
2011-08-08,48668
2011-08-09,51151
2011-08-10,51395
2011-08-11,53343
2011-08-12,53473
2011-08-15,54652
2011-08-16,54324
2011-08-17,55073
2011-08-18,53134
2011-08-19,52448
2011-08-22,52440
2011-08-23,53787
2011-08-24,53796
2011-08-25,52953
2011-08-26,53351
2011-08-29,54861
2011-08-30,55385
2011-08-31,56495
2011-09-01,58118
2011-09-02,56532
2011-09-05,54998
2011-09-06,56607
2011-09-08,57624
2011-09-09,55778
2011-09-12,55685
2011-09-13,55544
2011-09-14,56286
2011-09-15,56381
2011-09-16,57210
2011-09-19,57103
2011-09-20,56379
2011-09-21,55982
2011-09-22,53280
2011-09-23,53230
2011-09-26,53748
2011-09-27,53920
2011-09-28,53270
2011-09-29,53385
2011-09-30,52324
2011-10-03,50792
2011-10-04,50686
2011-10-05,51014
2011-10-06,52290
2011-10-07,51244
2011-10-10,53273
2011-10-11,53838
2011-10-13,54601
2011-10-14,55030
2011-10-17,53911
2011-10-18,55032
2011-10-19,54966
2011-10-20,54010
2011-10-21,55255
2011-10-24,56892
2011-10-25,56286
2011-10-26,57144
2011-10-27,59270
2011-10-28,59513
2011-10-31,58338
2011-11-01,57323
2011-11-03,58196
2011-11-04,58670
2011-11-07,59199
2011-11-08,59026
2011-11-09,57550
2011-11-10,57322
2011-11-11,58547
2011-11-14,58258
2011-11-16,58560
2011-11-17,56989
2011-11-18,56731
2011-11-21,56285
2011-11-22,55878
2011-11-23,54972
2011-11-24,55280
2011-11-25,54894
2011-11-28,56017
2011-11-29,55300
2011-11-30,56875
2011-12-01,58143
2011-12-02,57886
2011-12-05,58910
2011-12-06,59536
2011-12-07,58663
2011-12-08,57455
2011-12-09,58236
2011-12-12,57347
2011-12-13,57495
2011-12-14,56647
2011-12-15,56331
2011-12-16,56097
2011-12-19,55298
2011-12-20,56865
2011-12-21,56653
2011-12-22,57348
2011-12-23,57701
2011-12-26,57669
2011-12-27,58005
2011-12-28,56534
2011-12-29,56754
2012-01-03,59265
2012-01-04,59365
2012-01-05,58546
2012-01-06,58600
2012-01-09,59083
2012-01-10,59806
2012-01-11,59962
2012-01-12,59921
2012-01-13,59147
2012-01-16,59956
2012-01-17,60646
2012-01-18,61723
2012-01-19,61927
2012-01-20,62312
2012-01-23,62386
2012-01-24,62486
2012-01-26,62953
2012-01-27,62904
2012-01-30,62770
2012-01-31,63072
2012-02-01,64567
2012-02-02,64593
2012-02-03,65217
2012-02-06,65224
2012-02-07,65917
2012-02-08,65831
2012-02-09,65530
2012-02-10,63998
2012-02-13,65692
2012-02-14,65039
2012-02-15,65368
2012-02-16,66142
2012-02-17,66204
2012-02-23,65820
2012-02-24,65943
2012-02-27,65241
2012-02-28,65959
2012-02-29,65812
2012-03-01,66810
2012-03-02,67782
2012-03-05,66964
2012-03-06,65114
2012-03-07,66017
2012-03-08,66908
2012-03-09,66704
2012-03-12,66385
2012-03-13,68394
2012-03-14,68257
2012-03-15,67749
2012-03-16,67684
2012-03-19,67730
2012-03-20,67296
2012-03-21,66860
2012-03-22,65828
2012-03-23,65813
2012-03-26,66685
2012-03-27,66037
2012-03-28,65079
2012-03-29,64872
2012-03-30,64511
2012-04-02,65216
2012-04-03,64284
2012-04-04,63529
2012-04-05,63691
2012-04-09,62923
2012-04-10,61738
2012-04-11,61293
2012-04-12,63058
2012-04-13,62106
2012-04-16,61955
2012-04-17,62699
2012-04-18,63010
2012-04-19,62618
2012-04-20,62494
2012-04-23,61539
2012-04-24,61971
2012-04-25,61750
2012-04-26,62198
2012-04-27,61691
2012-04-30,61820
2012-05-02,62424
2012-05-03,62104
2012-05-04,60821
2012-05-07,61220
2012-05-08,60365
2012-05-09,59786
2012-05-10,59702
2012-05-11,59445
2012-05-14,57540
2012-05-15,56238
2012-05-16,55888
2012-05-17,54038
2012-05-18,54513
2012-05-21,56590
2012-05-22,55039
2012-05-23,54619
2012-05-24,54063
2012-05-25,54463
2012-05-28,55213
2012-05-29,54633
2012-05-30,53798
2012-05-31,54490
2012-06-01,53403
2012-06-04,53417
2012-06-05,52481
2012-06-06,54156
2012-06-08,54430
2012-06-11,54001
2012-06-12,55049
2012-06-13,55651
2012-06-14,55352
2012-06-15,56105
2012-06-18,56195
2012-06-19,57195
2012-06-20,57167
2012-06-21,55505
2012-06-22,55440
2012-06-25,53805
2012-06-26,53837
2012-06-27,53109
2012-06-28,52652
2012-06-29,54355
2012-07-02,54693
2012-07-03,55780
2012-07-04,56077
2012-07-05,56379
2012-07-06,55394
2012-07-10,53706
2012-07-11,53569
2012-07-12,53421
2012-07-13,54331
2012-07-16,53402
2012-07-17,53909
2012-07-18,54583
2012-07-19,55347
2012-07-20,54195
2012-07-23,53034
2012-07-24,52639
2012-07-25,52608
2012-07-26,54003
2012-07-27,56553
2012-07-30,57241
2012-07-31,56097
2012-08-01,55623
2012-08-02,55520
2012-08-03,57255
2012-08-06,58345
2012-08-07,57726
2012-08-08,58951
2012-08-09,58797
2012-08-10,59281
2012-08-13,59123
2012-08-14,58083
2012-08-15,58189
2012-08-16,59446
2012-08-17,59082
2012-08-20,59283
2012-08-21,58918
2012-08-22,59381
2012-08-23,58512
2012-08-24,58426
2012-08-27,58111
2012-08-28,58406
2012-08-29,57369
2012-08-30,57256
2012-08-31,57061
2012-09-03,57281
2012-09-04,56234
2012-09-05,56864
2012-09-06,58321
2012-09-10,58404
2012-09-11,59423
2012-09-12,59922
2012-09-13,61958
2012-09-14,62105
2012-09-17,61806
2012-09-18,61804
2012-09-19,61652
2012-09-20,61688
2012-09-21,61320
2012-09-24,61910
2012-09-25,60501
2012-09-26,60478
2012-09-27,60240
2012-09-28,59176
2012-10-01,59571
2012-10-02,59222
2012-10-03,58627
2012-10-04,58458
2012-10-05,58572
2012-10-08,59317
2012-10-09,58939
2012-10-10,58456
2012-10-11,59162
2012-10-15,59602
2012-10-16,59744
2012-10-17,60087
2012-10-18,59734
2012-10-19,58922
2012-10-22,58700
2012-10-23,57690
2012-10-24,57161
2012-10-25,57837
2012-10-26,57277
2012-10-29,57177
2012-10-30,57684
2012-10-31,57068
2012-11-01,58383
2012-11-05,58210
2012-11-06,59459
2012-11-07,58517
2012-11-08,57524
2012-11-09,57358
2012-11-12,57064
2012-11-13,57486
2012-11-14,56279
2012-11-16,55402
2012-11-19,56451
2012-11-21,56242
2012-11-22,56437
2012-11-23,57574
2012-11-26,56737
2012-11-27,56248
2012-11-28,56539
2012-11-29,57853
2012-11-30,57475
2012-12-03,58202
2012-12-04,57563
2012-12-05,57679
2012-12-06,57656
2012-12-07,58487
2012-12-10,59248
2012-12-11,59623
2012-12-12,59474
2012-12-13,59317
2012-12-14,59605
2012-12-17,59567
2012-12-18,60461
2012-12-19,60998
2012-12-20,61276
2012-12-21,61007
2012-12-26,60960
2012-12-27,60416
2012-12-28,60952
2013-01-02,62550
2013-01-03,63312
2013-01-04,62523
2013-01-07,61933
2013-01-08,61128
2013-01-09,61579
2013-01-10,61678
2013-01-11,61497
2013-01-14,62081
2013-01-15,61728
2013-01-16,61787
2013-01-17,62194
2013-01-18,61956
2013-01-21,61900
2013-01-22,61692
2013-01-23,61966
2013-01-24,61170
2013-01-28,60027
2013-01-29,60406
2013-01-30,59337
2013-01-31,59761
2013-02-01,60351
2013-02-04,59576
2013-02-05,59445
2013-02-06,58951
2013-02-07,58372
2013-02-08,58498
2013-02-13,58406
2013-02-14,58077
2013-02-15,57903
2013-02-18,57614
2013-02-19,57314
2013-02-20,56178
2013-02-21,56155
2013-02-22,56697
2013-02-25,56618
2013-02-26,56949
2013-02-27,57274
2013-02-28,57424
2013-03-01,56884
2013-03-04,56499
2013-03-05,55951
2013-03-06,57940
2013-03-07,58847
2013-03-08,58433
2013-03-11,58545
2013-03-12,58209
2013-03-13,57386
2013-03-14,57281
2013-03-15,56869
2013-03-18,56973
2013-03-19,56361
2013-03-20,56030
2013-03-21,55577
2013-03-22,55243
2013-03-25,54873
2013-03-26,55671
2013-03-27,56034
2013-03-28,56352
2013-04-01,55902
2013-04-02,54889
2013-04-03,55563
2013-04-04,54648
2013-04-05,55051
2013-04-08,55092
2013-04-09,55912
2013-04-10,56187
2013-04-11,55401
2013-04-12,54963
2013-04-15,52950
2013-04-16,53991
2013-04-17,52882
2013-04-18,53166
2013-04-19,53929
2013-04-22,54298
2013-04-23,54885
2013-04-24,54984
2013-04-25,54963
2013-04-26,54252
2013-04-29,54887
2013-04-30,55910
2013-05-02,55322
2013-05-03,55488
2013-05-06,55430
2013-05-07,56275
2013-05-08,55805
2013-05-09,55448
2013-05-10,55108
2013-05-13,54448
2013-05-14,54667
2013-05-15,54936
2013-05-16,54773
2013-05-17,55164
2013-05-20,55701
2013-05-21,56265
2013-05-22,56429
2013-05-23,56350
2013-05-24,56406
2013-05-27,56396
2013-05-28,56036
2013-05-29,54635
2013-05-31,53506
2013-06-03,53944
2013-06-04,54018
2013-06-05,52799
2013-06-06,52885
2013-06-07,51619
2013-06-10,51317
2013-06-11,49770
2013-06-12,49181
2013-06-13,50415
2013-06-14,49332
2013-06-17,49089
2013-06-18,49465
2013-06-19,47893
2013-06-20,48214
2013-06-21,47056
2013-06-24,45965
2013-06-25,46893
2013-06-26,47172
2013-06-27,47609
2013-06-28,47457
2013-07-01,47230
2013-07-02,45229
2013-07-03,45044
2013-07-04,45763
2013-07-05,45210
2013-07-08,45076
2013-07-10,45483
2013-07-11,46626
2013-07-12,45533
2013-07-15,46739
2013-07-16,46869
2013-07-17,47407
2013-07-18,47657
2013-07-19,47400
2013-07-22,48574
2013-07-23,48820
2013-07-24,48374
2013-07-25,49067
2013-07-26,49422
2013-07-29,49212
2013-07-30,48562
2013-07-31,48234
2013-08-01,49141
2013-08-02,48474
2013-08-05,48436
2013-08-06,47422
2013-08-07,47447
2013-08-08,48929
2013-08-09,49875
2013-08-12,50299
2013-08-13,50601
2013-08-14,50896
2013-08-15,50908
2013-08-16,51539
2013-08-19,51574
2013-08-20,50507
2013-08-21,50405
2013-08-22,51398
2013-08-23,52197
2013-08-26,51429
2013-08-27,50092
2013-08-28,49867
2013-08-29,49922
2013-08-30,50008
2013-09-02,51835
2013-09-03,51626
2013-09-04,51716
2013-09-05,52352
2013-09-06,53749
2013-09-09,54252
2013-09-10,53979
2013-09-11,53570
2013-09-12,53307
2013-09-13,53798
2013-09-16,53822
2013-09-17,54271
2013-09-18,55703
2013-09-19,55096
2013-09-20,54110
2013-09-23,54602
2013-09-24,54431
2013-09-25,54261
2013-09-26,53783
2013-09-27,53739
2013-09-30,52338
2013-10-01,53179
2013-10-02,53100
2013-10-03,52490
2013-10-04,52849
2013-10-07,52417
2013-10-08,52312
2013-10-09,52548
2013-10-10,52997
2013-10-11,53150
2013-10-14,54171
2013-10-15,54981
2013-10-16,55973
2013-10-17,55358
2013-10-18,55378
2013-10-21,56077
2013-10-22,56460
2013-10-23,55440
2013-10-24,54877
2013-10-25,54154
2013-10-28,55073
2013-10-29,54539
2013-10-30,54173
2013-10-31,54256
2013-11-01,54013
2013-11-04,54437
2013-11-05,53832
2013-11-06,53385
2013-11-07,52741
2013-11-08,52249
2013-11-11,52624
2013-11-12,51804
2013-11-13,52230
2013-11-14,53452
2013-11-18,54307
2013-11-19,53033
2013-11-21,52688
2013-11-22,52801
2013-11-25,52264
2013-11-26,51447
2013-11-27,51861
2013-11-28,51847
2013-11-29,52482
2013-12-02,51245
2013-12-03,50349
2013-12-04,50216
2013-12-05,50788
2013-12-06,50944
2013-12-09,51165
2013-12-10,50993
2013-12-11,50068
2013-12-12,50122
2013-12-13,50051
2013-12-16,50280
2013-12-17,50090
2013-12-18,50563
2013-12-19,50819
2013-12-20,51186
2013-12-23,51356
2013-12-26,51221
2013-12-27,51267
2013-12-30,51507
2014-01-02,50341
2014-01-03,50981
2014-01-06,50974
2014-01-07,50430
2014-01-08,50577
2014-01-09,49322
2014-01-10,49696
2014-01-13,49427
2014-01-14,49703
2014-01-15,50105
2014-01-16,49696
2014-01-17,49182
2014-01-20,48708
2014-01-21,48542
2014-01-22,49300
2014-01-23,48321
2014-01-24,47787
2014-01-27,47701
2014-01-28,47841
2014-01-29,47557
2014-01-30,47244
2014-01-31,47639
2014-02-03,46148
2014-02-04,46964
2014-02-05,46624
2014-02-06,47738
2014-02-07,48074
2014-02-10,47711
2014-02-11,48463
2014-02-12,48217
2014-02-13,47813
2014-02-14,48201
2014-02-17,47576
2014-02-18,46600
2014-02-19,47151
2014-02-20,47289
2014-02-21,47380
2014-02-24,47393
2014-02-25,46716
2014-02-26,46599
2014-02-27,47607
2014-02-28,47094
2014-03-05,46589
2014-03-06,47093
2014-03-07,46244
2014-03-10,45533
2014-03-11,45698
2014-03-12,45862
2014-03-13,45444
2014-03-14,44966
2014-03-17,45118
2014-03-18,46150
2014-03-19,46567
2014-03-20,47278
2014-03-21,47381
2014-03-24,47993
2014-03-25,48180
2014-03-26,47966
2014-03-27,49647
2014-03-28,49768
2014-03-31,50415
2014-04-01,50270
2014-04-02,51701
2014-04-03,51408
2014-04-04,51082
2014-04-07,52155
2014-04-08,51629
2014-04-09,51185
2014-04-10,51127
2014-04-11,51867
2014-04-14,51596
2014-04-15,50454
2014-04-16,51201
2014-04-17,52112
2014-04-22,51977
2014-04-23,51570
2014-04-24,51817
2014-04-25,51399
2014-04-28,51384
2014-04-29,51839
2014-04-30,51626
2014-05-02,52980
2014-05-05,53446
2014-05-06,53780
2014-05-07,54053
2014-05-08,53422
2014-05-09,53100
2014-05-12,54053
2014-05-13,53907
2014-05-14,54413
2014-05-15,53856
2014-05-16,53976
2014-05-19,53353
2014-05-20,52366
2014-05-21,52203
2014-05-22,52806
2014-05-23,52626
2014-05-26,52932
2014-05-27,52172
2014-05-28,52640
2014-05-29,52239
2014-05-30,51239
2014-06-02,51606
2014-06-03,52032
2014-06-04,51833
2014-06-05,51559
2014-06-06,53129
2014-06-09,54273
2014-06-10,54604
2014-06-11,55102
2014-06-13,54807
2014-06-16,54630
2014-06-17,54300
2014-06-18,55203
2014-06-20,54638
2014-06-23,54210
2014-06-24,54281
2014-06-25,53426
2014-06-26,53506
2014-06-27,53157
2014-06-30,53168
2014-07-01,53171
2014-07-02,53029
2014-07-03,53875
2014-07-04,54055
2014-07-07,53802
2014-07-08,53635
2014-07-10,54593
2014-07-11,54786
2014-07-14,55744
2014-07-15,55974
2014-07-16,55717
2014-07-17,55638
2014-07-18,57013
2014-07-21,57634
2014-07-22,57983
2014-07-23,57420
2014-07-24,57978
2014-07-25,57821
2014-07-28,57696
2014-07-29,57119
2014-07-30,56878
2014-07-31,55829
2014-08-01,55903
2014-08-04,56616
2014-08-05,56202
2014-08-06,56487
2014-08-07,56188
2014-08-08,55573
2014-08-11,56613
2014-08-12,56442
2014-08-13,55581
2014-08-14,55780
2014-08-15,56964
2014-08-18,57561
2014-08-19,58449
2014-08-20,58878
2014-08-21,58992
2014-08-22,58407
2014-08-25,59735
2014-08-26,59821
2014-08-27,60951
2014-08-28,60291
2014-08-29,61288
2014-09-01,61141
2014-09-02,61896
2014-09-03,61837
2014-09-04,60800
2014-09-05,60681
2014-09-08,59193
2014-09-09,58676
2014-09-10,58199
2014-09-11,58337
2014-09-12,56928
2014-09-15,57949
2014-09-16,59115
2014-09-17,59108
2014-09-18,58374
2014-09-19,57789
2014-09-22,56818
2014-09-23,56541
2014-09-24,56824
2014-09-25,55962
2014-09-26,57212
2014-09-29,54625
2014-09-30,54116
2014-10-01,52858
2014-10-02,53519
2014-10-03,54540
2014-10-06,57116
2014-10-07,57436
2014-10-08,57058
2014-10-09,57268
2014-10-10,55312
2014-10-13,57957
2014-10-14,58015
2014-10-15,56135
2014-10-16,54298
2014-10-17,55724
2014-10-20,54303
2014-10-21,52432
2014-10-22,52411
2014-10-23,50713
2014-10-24,51941
2014-10-27,50504
2014-10-28,52330
2014-10-29,51049
2014-10-30,52337
2014-10-31,54629
2014-11-03,53947
2014-11-04,54384
2014-11-05,53698
2014-11-06,52637
2014-11-07,53223
2014-11-10,52725
2014-11-11,52474
2014-11-12,52979
2014-11-13,51846
2014-11-14,51772
2014-11-17,51257
2014-11-18,52062
2014-11-19,53403
2014-11-21,56084
2014-11-24,55407
2014-11-25,55561
2014-11-26,55098
2014-11-27,54721
2014-11-28,54664
2014-12-01,52276
2014-12-02,51612
2014-12-03,52320
2014-12-04,51427
2014-12-05,51992
2014-12-08,50274
2014-12-09,50193
2014-12-10,49548
2014-12-11,49861
2014-12-12,48002
2014-12-15,47019
2014-12-16,47008
2014-12-17,48714
2014-12-18,48496
2014-12-19,49651
2014-12-22,50121
2014-12-23,50890
2014-12-26,50145
2014-12-29,50594
2014-12-30,50007
2015-01-02,48512
2015-01-05,47517
2015-01-06,48001
2015-01-07,49463
2015-01-08,49943
2015-01-09,48840
2015-01-12,48140
2015-01-13,48042
2015-01-14,47646
2015-01-15,48026
2015-01-16,49017
2015-01-19,47758
2015-01-20,47877
2015-01-21,49224
2015-01-22,49443
2015-01-23,48775
2015-01-26,48577
2015-01-27,48591
2015-01-28,47695
2015-01-29,47762
2015-01-30,46908
2015-02-02,47651
2015-02-03,48964
2015-02-04,49301
2015-02-05,49234
2015-02-06,48792
2015-02-09,49383
2015-02-10,48510
2015-02-11,48240
2015-02-12,49533
2015-02-13,50636
2015-02-18,51280
2015-02-19,51294
2015-02-20,51238
2015-02-23,51281
2015-02-24,51874
2015-02-25,51811
2015-02-26,51761
2015-02-27,51583
2015-03-02,51021
2015-03-03,51304
2015-03-04,50468
2015-03-05,50365
2015-03-06,49981
2015-03-09,49181
2015-03-10,48293
2015-03-11,48906
2015-03-12,48880
2015-03-13,48596
2015-03-16,48848
2015-03-17,50285
2015-03-18,51526
2015-03-19,50954
2015-03-20,51967
2015-03-23,51908
2015-03-24,51506
2015-03-25,51858
2015-03-26,50580
2015-03-27,50095
2015-03-30,51243
2015-03-31,51150
2015-04-01,52322
2015-04-02,53123
2015-04-06,53737
2015-04-07,53729
2015-04-08,53661
2015-04-09,53803
2015-04-10,54214
2015-04-13,54240
2015-04-14,53982
2015-04-15,54919
2015-04-16,54674
2015-04-17,53955
2015-04-20,53761
2015-04-22,54617
2015-04-23,55685
2015-04-24,56594
2015-04-27,55535
2015-04-28,55812
2015-04-29,55325
2015-04-30,56229
2015-05-04,57354
2015-05-05,58052
2015-05-06,57103
2015-05-07,56921
2015-05-08,57149
2015-05-11,57197
2015-05-12,56792
2015-05-13,56372
2015-05-14,56657
2015-05-15,57249
2015-05-18,56204
2015-05-19,55499
2015-05-20,54901
2015-05-21,55112
2015-05-22,54377
2015-05-25,54609
2015-05-26,53630
2015-05-27,54236
2015-05-28,53976
2015-05-29,52760
2015-06-01,53031
2015-06-02,54236
2015-06-03,53523
2015-06-05,52973
2015-06-08,52810
2015-06-09,52816
2015-06-10,53876
2015-06-11,53689
2015-06-12,53348
2015-06-15,53138
2015-06-16,53702
2015-06-17,53249
2015-06-18,54239
2015-06-19,53749
2015-06-22,53864
2015-06-23,53772
2015-06-24,53843
2015-06-25,53176
2015-06-26,54017
2015-06-29,53014
2015-06-30,53081
2015-07-01,52758
2015-07-02,53106
2015-07-03,52519
2015-07-06,52149
2015-07-07,52344
2015-07-08,51782
2015-07-10,52591
2015-07-13,53119
2015-07-14,53239
2015-07-15,52902
2015-07-16,53070
2015-07-17,52342
2015-07-20,51600
2015-07-21,51474
2015-07-22,50916
2015-07-23,49807
2015-07-24,49246
2015-07-27,48736
2015-07-28,49602
2015-07-29,50245
2015-07-30,49897
2015-07-31,50865
2015-08-03,50138
2015-08-04,50058
2015-08-05,50287
2015-08-06,50011
2015-08-07,48577
2015-08-10,49353
2015-08-11,49072
2015-08-12,48388
2015-08-13,48010
2015-08-14,47508
2015-08-17,47217
2015-08-18,47451
2015-08-19,46588
2015-08-20,46649
2015-08-21,45720
2015-08-24,44336
2015-08-25,44545
2015-08-26,46038
2015-08-27,47715
2015-08-28,47154
2015-08-31,46626
2015-09-01,45477
2015-09-02,46464
2015-09-03,47366
2015-09-04,46498
2015-09-08,46762
2015-09-09,46657
2015-09-10,46504
2015-09-11,46401
2015-09-14,47282
2015-09-15,47364
2015-09-16,48553
2015-09-17,48551
2015-09-18,47264
2015-09-21,46590
2015-09-22,46265
2015-09-23,45340
2015-09-24,45292
2015-09-25,44831
2015-09-28,43957
2015-09-29,44132
2015-09-30,45059
2015-10-01,45313
2015-10-02,47033
2015-10-05,47598
2015-10-06,47735
2015-10-07,48914
2015-10-08,49107
2015-10-09,49338
2015-10-13,47363
2015-10-14,46710
2015-10-15,47161
2015-10-16,47236
2015-10-19,47447
2015-10-20,47077
2015-10-21,47026
2015-10-22,47772
2015-10-23,47597
2015-10-26,47209
2015-10-27,47043
2015-10-28,46741
2015-10-29,45628
2015-10-30,45869
2015-11-03,48054
2015-11-04,47710
2015-11-05,48047
2015-11-06,46919
2015-11-09,46195
2015-11-10,46179
2015-11-11,47065
2015-11-12,46884
2015-11-13,46517
2015-11-16,46847
2015-11-17,47248
2015-11-18,47436
2015-11-19,48139
2015-11-23,48150
2015-11-24,48284
2015-11-25,46867
2015-11-26,47146
2015-11-27,45873
2015-11-30,45120
2015-12-01,45047
2015-12-02,44915
2015-12-03,46393
2015-12-04,45361
2015-12-07,45223
2015-12-08,44443
2015-12-09,46108
2015-12-10,45631
2015-12-11,45263
2015-12-14,44747
2015-12-15,44872
2015-12-16,45016
2015-12-17,45261
2015-12-18,43911
2015-12-21,43200
2015-12-22,43470
2015-12-23,44015
2015-12-28,43764
2015-12-29,43654
2015-12-30,43350
2016-01-04,42141
2016-01-05,42419
2016-01-06,41773
2016-01-07,40695
2016-01-08,40612
2016-01-11,39950
2016-01-12,39514
2016-01-13,38944
2016-01-14,39500
2016-01-15,38569
2016-01-18,37937
2016-01-19,38057
2016-01-20,37645
2016-01-21,37717
2016-01-22,38031
2016-01-26,37497
2016-01-27,38376
2016-01-28,38630
2016-01-29,40406
2016-02-01,40570
2016-02-02,38596
2016-02-03,39589
2016-02-04,40822
2016-02-05,40592
2016-02-10,40377
2016-02-11,39318
2016-02-12,39808
2016-02-15,40093
2016-02-16,40948
2016-02-17,41631
2016-02-18,41478
2016-02-19,41543
2016-02-22,43235
2016-02-23,42521
2016-02-24,42085
2016-02-25,41888
2016-02-26,41593
2016-02-29,42794
2016-03-01,44122
2016-03-02,44893
2016-03-03,47193
2016-03-04,49085
2016-03-07,49246
2016-03-08,49102
2016-03-09,48665
2016-03-10,49571
2016-03-11,49639
2016-03-14,48867
2016-03-15,47130
2016-03-16,47763
2016-03-17,50914
2016-03-18,50815
2016-03-21,51172
2016-03-22,51010
2016-03-23,49690
2016-03-24,49657
2016-03-28,50838
2016-03-29,51155
2016-03-30,51249
2016-03-31,50055
2016-04-01,50562
2016-04-04,48780
2016-04-05,49054
2016-04-06,48096
2016-04-07,48513
2016-04-08,50293
2016-04-11,50165
2016-04-12,52002
2016-04-13,53150
2016-04-14,52411
2016-04-15,53228
2016-04-18,52894
2016-04-19,53710
2016-04-20,53631
2016-04-22,52908
2016-04-25,51862
2016-04-26,53083
2016-04-27,54478
2016-04-28,54312
2016-04-29,53911
2016-05-02,53562
2016-05-03,52260
2016-05-04,52553
2016-05-05,51671
2016-05-06,51718
2016-05-09,50990
2016-05-10,53071
2016-05-11,52764
2016-05-12,53241
2016-05-13,51804
2016-05-16,51803
2016-05-17,50839
2016-05-18,50562
2016-05-19,50133
2016-05-20,49723
2016-05-23,49330
2016-05-24,49345
2016-05-25,49483
2016-05-27,49051
2016-05-30,48964
2016-05-31,48472
2016-06-01,49013
2016-06-02,49887
2016-06-03,50619
2016-06-06,50432
2016-06-07,50488
2016-06-08,51629
2016-06-09,51118
2016-06-10,49422
2016-06-13,49661
2016-06-14,48648
2016-06-15,48915
2016-06-16,49412
2016-06-17,49534
2016-06-20,50329
2016-06-21,50838
2016-06-22,50156
2016-06-23,51560
2016-06-24,50105
2016-06-27,49246
2016-06-28,50007
2016-06-29,51002
2016-06-30,51527
2016-07-01,52233
2016-07-04,52569
2016-07-05,51842
2016-07-06,51902
2016-07-07,52015
2016-07-08,53141
2016-07-11,53960
2016-07-12,54256
2016-07-13,54598
2016-07-14,55481
2016-07-15,55578
2016-07-18,56484
2016-07-19,56698
2016-07-20,56578
2016-07-21,56641
2016-07-22,57002
2016-07-25,56873
2016-07-26,56783
2016-07-27,56853
2016-07-28,56667
2016-07-29,57308
2016-08-01,56756
2016-08-02,56162
2016-08-03,57077
2016-08-04,57594
2016-08-05,57661
2016-08-08,57635
2016-08-09,57689
2016-08-10,56920
2016-08-11,58300
2016-08-12,58298
2016-08-15,59146
2016-08-16,58855
2016-08-17,59324
2016-08-18,59166
2016-08-19,59099
2016-08-22,57781
2016-08-23,58020
2016-08-24,57718
2016-08-25,57722
2016-08-26,57716
2016-08-29,58610
2016-08-30,58575
2016-08-31,57901
2016-09-01,58236
2016-09-02,59616
2016-09-05,59566
2016-09-06,60129
2016-09-08,60232
2016-09-09,58000
2016-09-12,58586
2016-09-13,56821
2016-09-14,57059
2016-09-15,57909
2016-09-16,57080
2016-09-19,57350
2016-09-20,57736
2016-09-21,58394
2016-09-22,58994
2016-09-23,58697
2016-09-26,58054
2016-09-27,58382
2016-09-28,59356
2016-09-29,58351
2016-09-30,58367
2016-10-03,59461
2016-10-04,59339
2016-10-05,60254
2016-10-06,60644
2016-10-07,61109
2016-10-10,61668
2016-10-11,61022
2016-10-13,61119
2016-10-14,61767
2016-10-17,62696
2016-10-18,63782
2016-10-19,63506
2016-10-20,63838
2016-10-21,64108
2016-10-24,64060
2016-10-25,63866
2016-10-26,63826
2016-10-27,64250
2016-10-28,64308
2016-10-31,64925
2016-11-01,63326
2016-11-03,61750
2016-11-04,61598
2016-11-07,64052
2016-11-08,64158
2016-11-09,63258
2016-11-10,61201
2016-11-11,59184
2016-11-14,59657
2016-11-16,60759
2016-11-17,59770
2016-11-18,59962
2016-11-21,61070
2016-11-22,61954
2016-11-23,61986
2016-11-24,61396
2016-11-25,61559
2016-11-28,62855
2016-11-29,60987
2016-11-30,61906
2016-12-01,59507
2016-12-02,60316
2016-12-05,59832
2016-12-06,61088
2016-12-07,61414
2016-12-08,60677
2016-12-09,60501
2016-12-12,59179
2016-12-13,59281
2016-12-14,58212
2016-12-15,58396
2016-12-16,58389
2016-12-19,57111
2016-12-20,57583
2016-12-21,57647
2016-12-22,57255
2016-12-23,57937
2016-12-26,58620
2016-12-27,58697
2016-12-28,59782
2016-12-29,60227
2017-01-02,59589
2017-01-03,61814
2017-01-04,61589
2017-01-05,62071
2017-01-06,61665
2017-01-09,61700
2017-01-10,62132
2017-01-11,62446
2017-01-12,63954
2017-01-13,63652
2017-01-16,63831
2017-01-17,64354
2017-01-18,64150
2017-01-19,63951
2017-01-20,64521
2017-01-23,65749
2017-01-24,65840
2017-01-26,66191
2017-01-27,66034
2017-01-30,64302
2017-01-31,64671
2017-02-01,64836
2017-02-02,64578
2017-02-03,64954
2017-02-06,63993
2017-02-07,64199
2017-02-08,64835
2017-02-09,64965
2017-02-10,66125
2017-02-13,66968
2017-02-14,66713
2017-02-15,67976
2017-02-16,67814
2017-02-17,67748
2017-02-20,68533
2017-02-21,69052
2017-02-22,68590
2017-02-23,67461
2017-02-24,66662
2017-03-01,66989
2017-03-02,65855
2017-03-03,66786
2017-03-06,66341
2017-03-07,65742
2017-03-08,64718
2017-03-09,64585
2017-03-10,64675
2017-03-13,65534
2017-03-14,64699
2017-03-15,66235
2017-03-16,65783
2017-03-17,64210
2017-03-20,64884
2017-03-21,62980
2017-03-22,63521
2017-03-23,63531
2017-03-24,63854
2017-03-27,64308
2017-03-28,64640
2017-03-29,65528
2017-03-30,65266
2017-03-31,64984
2017-04-03,65211
2017-04-04,65769
2017-04-05,64775
2017-04-06,64223
2017-04-07,64593
2017-04-10,64650
2017-04-11,64360
2017-04-12,63892
2017-04-13,62826
2017-04-17,64335
2017-04-18,64159
2017-04-19,63407
2017-04-20,63761
2017-04-24,64389
2017-04-25,65148
2017-04-26,64862
2017-04-27,64677
2017-04-28,65403
2017-05-02,66722
2017-05-03,66094
2017-05-04,64863
2017-05-05,65710
2017-05-08,65526
2017-05-09,66278
2017-05-10,67350
2017-05-11,67538
2017-05-12,68222
2017-05-15,68474
2017-05-16,68684
2017-05-17,67540
2017-05-18,61597
2017-05-19,62639
2017-05-22,61673
2017-05-23,62662
2017-05-24,63257
2017-05-25,63227
2017-05-26,64085
2017-05-29,63761
2017-05-30,63962
2017-05-31,62711
2017-06-01,62289
2017-06-02,62511
2017-06-05,62450
2017-06-06,62955
2017-06-07,63171
2017-06-08,62756
2017-06-09,62211
2017-06-12,61700
2017-06-13,61829
2017-06-14,61923
2017-06-16,61626
2017-06-19,62014
2017-06-20,60766
2017-06-21,60762
2017-06-22,61272
2017-06-23,61087
2017-06-26,62188
2017-06-27,61675
2017-06-28,62018
2017-06-29,62239
2017-06-30,62900
2017-07-03,63280
2017-07-04,63232
2017-07-05,63154
2017-07-06,62470
2017-07-07,62322
2017-07-10,63025
2017-07-11,63832
2017-07-12,64836
2017-07-13,65178
2017-07-14,65436
2017-07-17,65212
2017-07-18,65338
2017-07-19,65180
2017-07-20,64938
2017-07-21,64684
2017-07-24,65100
2017-07-25,65668
2017-07-26,65011
2017-07-27,65277
2017-07-28,65497
2017-07-31,65920
2017-08-01,66516
2017-08-02,67136
2017-08-03,66777
2017-08-04,66898
2017-08-07,67940
2017-08-08,67899
2017-08-09,67671
2017-08-10,66992
2017-08-11,67359
2017-08-14,68285
2017-08-15,68355
2017-08-16,68594
2017-08-17,67977
2017-08-18,68715
2017-08-21,68635
2017-08-22,70011
2017-08-23,70478
2017-08-24,71133
2017-08-25,71074
2017-08-28,71017
2017-08-29,71330
2017-08-30,70886
2017-08-31,70835
2017-09-01,71923
2017-09-04,72129
2017-09-05,72151
2017-09-06,73412
2017-09-08,73079
2017-09-11,74319
2017-09-12,74539
2017-09-13,74788
2017-09-14,74657
2017-09-15,75757
2017-09-18,75990
2017-09-19,75974
2017-09-20,76004
2017-09-21,75604
2017-09-22,75390
2017-09-25,74443
2017-09-26,74319
2017-09-27,73797
2017-09-28,73567
2017-09-29,74294
2017-10-02,74360
2017-10-03,76763
2017-10-04,76591
2017-10-05,76618
2017-10-06,76055
2017-10-09,75727
2017-10-10,76897
2017-10-11,76660
2017-10-13,76990
2017-10-16,76892
2017-10-17,76201
2017-10-18,76591
2017-10-19,76283
2017-10-20,76391
2017-10-23,75413
2017-10-24,76350
2017-10-25,76671
2017-10-26,75896
2017-10-27,75976
2017-10-30,74800
2017-10-31,74308
2017-11-01,73824
2017-11-03,73915
2017-11-06,74311
2017-11-07,72415
2017-11-08,74363
2017-11-09,72931
2017-11-10,72166
2017-11-13,72475
2017-11-14,70827
2017-11-16,72512
2017-11-17,73437
2017-11-21,74595
2017-11-22,74519
2017-11-23,74487
2017-11-24,74157
2017-11-27,74059
2017-11-28,74140
2017-11-29,72700
2017-11-30,71971
2017-12-01,72264
2017-12-04,73090
2017-12-05,72546
2017-12-06,73268
2017-12-07,72487
2017-12-08,72732
2017-12-11,72800
2017-12-12,73814
2017-12-13,72914
2017-12-14,72429
2017-12-15,72608
2017-12-18,73115
2017-12-19,72680
2017-12-20,73367
2017-12-21,75133
2017-12-22,75187
2017-12-26,75688
2017-12-27,76073
2017-12-28,76402
2017-12-29,76402
2018-01-02,77891
2018-01-03,77995
2018-01-04,78647
2018-01-05,79071
2018-01-08,79379
2018-01-09,78864
2018-01-10,78201
2018-01-11,79365
2018-01-12,79349
2018-01-15,79752
2018-01-16,79832
2018-01-17,81189
2018-01-18,80963
2018-01-19,81220
2018-01-22,81675
2018-01-23,80678
2018-01-24,83680
2018-01-26,85531
2018-01-29,84698
2018-01-30,84482
2018-01-31,84913
2018-02-01,85495
2018-02-02,84041
2018-02-05,81861
2018-02-06,83894
2018-02-07,82767
2018-02-08,81533
2018-02-09,80899
2018-02-15,84291
2018-02-16,84525
2018-02-19,84793
2018-02-20,85804
2018-02-21,86052
2018-02-22,86686
2018-02-23,87293
2018-02-26,87653
2018-02-27,86935
2018-02-28,85481
2018-03-01,85378
2018-03-02,85761
2018-03-05,86023
2018-03-06,85653
2018-03-07,85484
2018-03-08,84985
2018-03-09,86371
2018-03-12,86900
2018-03-13,86384
2018-03-14,86051
2018-03-15,84928
2018-03-16,84886
2018-03-19,83913
2018-03-20,84164
2018-03-21,84977
2018-03-22,84768
2018-03-23,84377
2018-03-26,85088
2018-03-27,83808
2018-03-28,83874
2018-03-29,85366
2018-04-02,84666
2018-04-03,84623
2018-04-04,84360
2018-04-05,85210
2018-04-06,84820
2018-04-09,83307
2018-04-10,84510
2018-04-11,85246
2018-04-12,85444
2018-04-13,84334
2018-04-16,82862
2018-04-17,84086
2018-04-18,85776
2018-04-19,85824
2018-04-20,85550
2018-04-23,85602
2018-04-24,85469
2018-04-25,85044
2018-04-26,86383
2018-04-27,86445
2018-04-30,86115
2018-05-02,84547
2018-05-03,83288
2018-05-04,83118
2018-05-07,82714
2018-05-08,82956
2018-05-09,84265
2018-05-10,85861
2018-05-11,85220
2018-05-14,85232
2018-05-15,85130
2018-05-16,86537
2018-05-17,83622
2018-05-18,83082
2018-05-21,81815
2018-05-22,82739
2018-05-23,80867
2018-05-24,80122
2018-05-25,78898
2018-05-28,75356
2018-05-29,76072
2018-05-30,76754
2018-06-01,77240
2018-06-04,78596
2018-06-05,76642
2018-06-06,76117
2018-06-07,73851
2018-06-08,72942
2018-06-11,72308
2018-06-12,72754
2018-06-13,72122
2018-06-14,71421
2018-06-15,70758
2018-06-18,69815
2018-06-19,71394
2018-06-20,72123
2018-06-21,70075
2018-06-22,70641
2018-06-25,70953
2018-06-26,71405
2018-06-27,70609
2018-06-28,71767
2018-06-29,72763
2018-07-02,72840
2018-07-03,73668
2018-07-04,74743
2018-07-05,74553
2018-07-06,75010
2018-07-10,74862
2018-07-11,74399
2018-07-12,75856
2018-07-13,76594
2018-07-16,76653
2018-07-17,78130
2018-07-18,77363
2018-07-19,77487
2018-07-20,78571
2018-07-23,77996
2018-07-24,79155
2018-07-25,80218
2018-07-26,79405
2018-07-27,79866
2018-07-30,80276
2018-07-31,79220
2018-08-01,79302
2018-08-02,79637
2018-08-03,81435
2018-08-06,81051
2018-08-07,80347
2018-08-08,79152
2018-08-09,78768
2018-08-10,76514
2018-08-13,77496
2018-08-14,78602
2018-08-15,77078
2018-08-16,76819
2018-08-17,76029
2018-08-20,76328
2018-08-21,75180
2018-08-22,76902
2018-08-23,75634
2018-08-24,76262
2018-08-27,77930
2018-08-28,77473
2018-08-29,78389
2018-08-30,76404
2018-08-31,76678
2018-09-03,76193
2018-09-04,74712
2018-09-05,75092
2018-09-06,76416
2018-09-10,76436
2018-09-11,74657
2018-09-12,75125
2018-09-13,74687
2018-09-14,75429
2018-09-17,76789
2018-09-18,78314
2018-09-19,78169
2018-09-20,78116
2018-09-21,79444
2018-09-24,77984
2018-09-25,78630
2018-09-26,78656
2018-09-27,80000
2018-09-28,79342
2018-10-01,78624
2018-10-02,81612
2018-10-03,83273
2018-10-04,82953
2018-10-05,82322
2018-10-08,86084
2018-10-09,86088
2018-10-10,83679
2018-10-11,82921
2018-10-15,83360
2018-10-16,85718
2018-10-17,85764
2018-10-18,83847
2018-10-19,84220
2018-10-22,85597
2018-10-23,85300
2018-10-24,83064
2018-10-25,84084
2018-10-26,85720
2018-10-29,83797
2018-10-30,86886
2018-10-31,87424
2018-11-01,88419
2018-11-05,89598
2018-11-06,88669
2018-11-07,87714
2018-11-08,85620
2018-11-09,85641
2018-11-12,85525
2018-11-13,84914
2018-11-14,85973
2018-11-16,88515
2018-11-19,87901
2018-11-21,87269
2018-11-22,87477
2018-11-23,86230
2018-11-26,85547
2018-11-27,87891
2018-11-28,89251
2018-11-29,89710
2018-11-30,89504
2018-12-03,89820
2018-12-04,88624
2018-12-05,89040
2018-12-06,88846
2018-12-07,88115
2018-12-10,85915
2018-12-11,86420
2018-12-12,86977
2018-12-13,87838
2018-12-14,87450
2018-12-17,86400
2018-12-18,86610
2018-12-19,85674
2018-12-20,85269
2018-12-21,85697
2018-12-26,85136
2018-12-27,85460
2018-12-28,87887
2019-01-02,91012
2019-01-03,91564
2019-01-04,91841
2019-01-07,91699
2019-01-08,92032
2019-01-09,93613
2019-01-10,93806
2019-01-11,93658
2019-01-14,94474
2019-01-15,94056
2019-01-16,94393
2019-01-17,95351
2019-01-18,96097
2019-01-21,96010
2019-01-22,95103
2019-01-23,96558
2019-01-24,97677
2019-01-28,95444
2019-01-29,95639
2019-01-30,96996
2019-01-31,97394
2019-02-01,97861
2019-02-04,98589
2019-02-05,98311
2019-02-06,94636
2019-02-07,94406
2019-02-08,95343
2019-02-11,94413
2019-02-12,96168
2019-02-13,95842
2019-02-14,98015
2019-02-15,97526
2019-02-18,96510
2019-02-19,97659
2019-02-20,96545
2019-02-21,96932
2019-02-22,97886
2019-02-25,97240
2019-02-26,97603
2019-02-27,97307
2019-02-28,95584
2019-03-01,94604
2019-03-07,94340
2019-03-08,95365
2019-03-11,98027
2019-03-12,97828
2019-03-13,98904
2019-03-14,98605
2019-03-15,99137
2019-03-18,99994
2019-03-19,99588
2019-03-20,98041
2019-03-21,96729
2019-03-22,93735
2019-03-25,93662
2019-03-26,95307
2019-03-27,91903
2019-03-28,94389
2019-03-29,95415
2019-04-01,96054
2019-04-02,95387
2019-04-03,94491
2019-04-04,96313
2019-04-05,97108
2019-04-08,97369
2019-04-09,96292
2019-04-10,95953
2019-04-11,94755
2019-04-12,92875
2019-04-15,93083
2019-04-16,94333
2019-04-17,93285
2019-04-18,94578
2019-04-22,94588
2019-04-23,95923
2019-04-24,95045
2019-04-25,96552
2019-04-26,96236
2019-04-29,96188
2019-04-30,96353
2019-05-02,95528
2019-05-03,96008
2019-05-06,95009
2019-05-07,94389
2019-05-08,95597
2019-05-09,94808
2019-05-10,94258
2019-05-13,91727
2019-05-14,92092
2019-05-15,91623
2019-05-16,90024
2019-05-17,89993
2019-05-20,91946
2019-05-21,94485
2019-05-22,94361
2019-05-23,93910
2019-05-24,93628
2019-05-27,94864
2019-05-28,96393
2019-05-29,96567
2019-05-30,97457
2019-05-31,97030
2019-06-03,97020
2019-06-04,97380
2019-06-05,95999
2019-06-06,97205
2019-06-07,97821
2019-06-10,97467
2019-06-11,98960
2019-06-12,98321
2019-06-13,98774
2019-06-14,98040
2019-06-17,97623
2019-06-18,99404
2019-06-19,100303
2019-06-21,102013
2019-06-24,102062
2019-06-25,100093
2019-06-26,100689
2019-06-27,100724
2019-06-28,100967
2019-07-01,101340
2019-07-02,100605
2019-07-03,102043
2019-07-04,103636
2019-07-05,104089
2019-07-08,104530
2019-07-10,105817
2019-07-11,105146
2019-07-12,103906
2019-07-15,103803
2019-07-16,103775
2019-07-17,103856
2019-07-18,104717
2019-07-19,103452
2019-07-22,103949
2019-07-23,103704
2019-07-24,104120
2019-07-25,102655
2019-07-26,102819
2019-07-29,103483
2019-07-30,102933
2019-07-31,101812
2019-08-01,102126
2019-08-02,102674
2019-08-05,100098
2019-08-06,102164
2019-08-07,102782
2019-08-08,104115
2019-08-09,103996
2019-08-12,101915
2019-08-13,103299
2019-08-14,100258
2019-08-15,99057
2019-08-16,99806
2019-08-19,99469
2019-08-20,99222
2019-08-21,101202
2019-08-22,100011
2019-08-23,97667
2019-08-26,96430
2019-08-27,97276
2019-08-28,98194
2019-08-29,100524
2019-08-30,101135
2019-09-02,100626
2019-09-03,99681
2019-09-04,101201
2019-09-05,102243
2019-09-06,102935
2019-09-09,103181
2019-09-10,103032
2019-09-11,103446
2019-09-12,104371
2019-09-13,103501
2019-09-16,103680
2019-09-17,104617
2019-09-18,104532
2019-09-19,104339
2019-09-20,104817
2019-09-23,104638
2019-09-24,103876
2019-09-25,104481
2019-09-26,105319
2019-09-27,105078
2019-09-30,104745
2019-10-01,104053
2019-10-02,101031
2019-10-03,101516
2019-10-04,102551
2019-10-07,100573
2019-10-08,99981
2019-10-09,101249
2019-10-10,101817
2019-10-11,103832
2019-10-14,104302
2019-10-15,104490
2019-10-16,105423
2019-10-17,105016
2019-10-18,104729
2019-10-21,106022
2019-10-22,107381
2019-10-23,107544
2019-10-24,106986
2019-10-25,107364
2019-10-28,108187
2019-10-29,107556
2019-10-30,108408
2019-10-31,107220
2019-11-01,108196
2019-11-04,108601
2019-11-05,108451
2019-11-06,108336
2019-11-07,109581
2019-11-08,107629
2019-11-11,108215
2019-11-12,106785
2019-11-13,105914
2019-11-14,106557
2019-11-18,106347
2019-11-19,105618
2019-11-21,107497
2019-11-22,108692
2019-11-25,108424
2019-11-26,107059
2019-11-27,107708
2019-11-28,108290
2019-11-29,108233
2019-12-02,109061
2019-12-03,108956
2019-12-04,110301
2019-12-05,110622
2019-12-06,111126
2019-12-09,110977
2019-12-10,110672
2019-12-11,110964
2019-12-12,112200
2019-12-13,112565
2019-12-16,111896
2019-12-17,112616
2019-12-18,114315
2019-12-19,115131
2019-12-20,115121
2019-12-23,115863
2019-12-26,117203
2019-12-27,116534
2019-12-30,115964
2020-01-02,118573
2020-01-03,117707
2020-01-06,116878
2020-01-07,116662
2020-01-08,116247
2020-01-09,115947
2020-01-10,115503
2020-01-13,117325
2020-01-14,117632
2020-01-15,116414
2020-01-16,116704
2020-01-17,118478
2020-01-20,118862
2020-01-21,117026
2020-01-22,118391
2020-01-23,119528
2020-01-24,118376
2020-01-27,114482
2020-01-28,116479
2020-01-29,115385
2020-01-30,115528
2020-01-31,113761
2020-02-03,114629
2020-02-04,115557
2020-02-05,116028
2020-02-06,115190
2020-02-07,113770
2020-02-10,112570
2020-02-11,115371
2020-02-12,116674
2020-02-13,115662
2020-02-14,114381
2020-02-17,115309
2020-02-18,114977
2020-02-19,116518
2020-02-20,114586
2020-02-21,113681
2020-02-27,102984
2020-02-28,104172
2020-03-02,106625
2020-03-03,105537
2020-03-04,107224
2020-03-05,102233
2020-03-06,97997
2020-03-09,86067
2020-03-10,92214
2020-03-11,85171
2020-03-12,72583
2020-03-13,82678
2020-03-16,71168
2020-03-17,74617
2020-03-18,66895
2020-03-19,68332
2020-03-20,67069
2020-03-23,63570
2020-03-24,69729
2020-03-25,74956
2020-03-26,77710
2020-03-27,73429
2020-03-30,74640
2020-03-31,73020
2020-04-01,70967
2020-04-02,72253
2020-04-03,69538
2020-04-06,74073
2020-04-07,76358
2020-04-08,78625
2020-04-09,77682
2020-04-13,78836
2020-04-14,79918
2020-04-15,78831
2020-04-16,77812
2020-04-17,78990
2020-04-20,78973
2020-04-22,80687
2020-04-23,79673
2020-04-24,75331
2020-04-27,78239
2020-04-28,81312
2020-04-29,83171
2020-04-30,80506
2020-05-04,78876
2020-05-05,79471
2020-05-06,79064
2020-05-07,78119
2020-05-08,80263
2020-05-11,79065
2020-05-12,77872
2020-05-13,77772
2020-05-14,79011
2020-05-15,77557
2020-05-18,81194
2020-05-19,80742
2020-05-20,81319
2020-05-21,83027
2020-05-22,82173
2020-05-25,85663
2020-05-26,85469
2020-05-27,87946
2020-05-28,86949
2020-05-29,87403
2020-06-01,88620
2020-06-02,91046
2020-06-03,93002
2020-06-04,93829
2020-06-05,94637
2020-06-08,97645
2020-06-09,96747
2020-06-10,94686
2020-06-12,92795
2020-06-15,92376
2020-06-16,93531
2020-06-17,95547
2020-06-18,96125
2020-06-19,96572
2020-06-22,95336
2020-06-23,95975
2020-06-24,94377
2020-06-25,95983
2020-06-26,93834
2020-06-29,95735
2020-06-30,95056
2020-07-01,96203
2020-07-02,96235
2020-07-03,96765
2020-07-06,98937
2020-07-07,97761
2020-07-08,99770
2020-07-09,99160
2020-07-10,100032
2020-07-13,98697
2020-07-14,100440
2020-07-15,101791
2020-07-16,100553
2020-07-17,102888
2020-07-20,104426
2020-07-21,104310
2020-07-22,104290
2020-07-23,102293
2020-07-24,102382
2020-07-27,104477
2020-07-28,104109
2020-07-29,105605
2020-07-30,105009
2020-07-31,102912
2020-08-03,102830
2020-08-04,101216
2020-08-05,102802
2020-08-06,104126
2020-08-07,102776
2020-08-10,103444
2020-08-11,102174
2020-08-12,102118
2020-08-13,100461
2020-08-14,101353
2020-08-17,99595
2020-08-18,102065
2020-08-19,100854
2020-08-20,101468
2020-08-21,101521
2020-08-24,102298
2020-08-25,102118
2020-08-26,100627
2020-08-27,100624
2020-08-28,102143
2020-08-31,99369
2020-09-01,102168
2020-09-02,101911
2020-09-03,100721
2020-09-04,101242
2020-09-08,100050
2020-09-09,101292
2020-09-10,98835
2020-09-11,98363
2020-09-14,100275
2020-09-15,100298
2020-09-16,99676
2020-09-17,100098
2020-09-18,98290
2020-09-21,96991
2020-09-22,97294
2020-09-23,95735
2020-09-24,97012
2020-09-25,96999
2020-09-28,94666
2020-09-29,93580
2020-09-30,94603
2020-10-01,95479
2020-10-02,94016
2020-10-05,96089
2020-10-06,95615
2020-10-07,95526
2020-10-08,97920
2020-10-09,97483
2020-10-13,98503
2020-10-14,99334
2020-10-15,99054
2020-10-16,98309
2020-10-19,98658
2020-10-20,100540
2020-10-21,100552
2020-10-22,101918
2020-10-23,101260
2020-10-26,101017
2020-10-27,99606
2020-10-28,95369
2020-10-29,96582
2020-10-30,93952
2020-11-03,95587
2020-11-04,97811
2020-11-05,100774
2020-11-06,100799
2020-11-09,103913
2020-11-10,105351
2020-11-11,104532
2020-11-12,102175
2020-11-13,104512
2020-11-16,106430
2020-11-17,107229
2020-11-18,106483
2020-11-19,106517
2020-11-23,107379
2020-11-24,109786
2020-11-25,110133
2020-11-26,110227
2020-11-27,110575
2020-11-30,108888
2020-12-01,111335
2020-12-02,111814
2020-12-03,112919
2020-12-04,113682
2020-12-07,113625
2020-12-08,113571
2020-12-09,112722
2020-12-10,114992
2020-12-11,115323
2020-12-14,114975
2020-12-15,116146
2020-12-16,117947
2020-12-17,118157
2020-12-18,117679
2020-12-21,116016
2020-12-22,116348
2020-12-23,117857
2020-12-28,119051
2020-12-29,119475
2020-12-30,119306
